;;;;Annuitair Amortisatieschema;;;;;;;;;;;;
;;;Alleen gegevens in het blauw handmatig wijzigen. ;;;;;;;;;;;;;
;;;Input voor amortisatieschema;;Koopsom;;;;Basis voor amortisatieschema;;;;;;;
;;;Bedrag Lening (excl rente); € 24.034.770 ; € 23.563.500 ;;;;Periodieke annuiteit;; € 109.151,21 ;;;;;
;;;Jaarlijkse Interest;5,00%;;;;;Totaal aantal termijnen;;600;;;;;
;;;Leenperiode in jaren;50;;;;;Slottermijn;;;;;;;
;;;Aantal termijnen per jaar;12;;;;;Annuiteit per jaar;; € 1.309.814,50 ;;;;;
;;;Startdatum;31-12-2025;;;;;;;;;;;;
;;;;;;;;;;;;;;;;
;;;;;;;;;;;;;;;;
;;;;;;;;;;;;;;;;
;;Nr;Betaaldatum;Beginsaldo;Periodieke Annuiteit;Annuïtaire rente;Annuïtaire aflossing;Jaaraflossing annuïtair;Hoofdsom (feitelijke aflossing);Rente;Eindsaldo;Rente Cumulatief;Rente Resterend;;Jaarrente;Jaaraflossing feitelijk
1;0;1;31-1-2026; € 24.034.770,00 ; € 109.151,21 ;€ 100.145;€ 9.006,33;;; € 100.144,88 ; € 24.034.770,00 ; € 100.144,88 ; € 20.329.409,63 ;2026;  ;  
2;0;2;28-2-2026; € 24.034.770,00 ; € 109.151,21 ;€ 100.107;€ 9.043,86;;; € 100.144,88 ; € 24.034.770,00 ; € 200.289,75 ; € 20.329.409,63 ;2026;  ;  
3;0;3;31-3-2026; € 24.034.770,00 ; € 109.151,21 ;€ 100.070;€ 9.081,54;;; € 100.144,88 ; € 24.034.770,00 ; € 300.434,63 ; € 20.329.409,63 ;2026;  ;  
4;0;4;30-4-2026; € 24.034.770,00 ; € 109.151,21 ;€ 100.032;€ 9.119,38;;; € 100.144,88 ; € 24.034.770,00 ; € 400.579,50 ; € 20.329.409,63 ;2026;  ;  
5;0;5;31-5-2026; € 24.034.770,00 ; € 109.151,21 ;€ 99.994;€ 9.157,38;;; € 100.144,88 ; € 24.034.770,00 ; € 500.724,38 ; € 20.329.409,63 ;2026;  ;  
6;0;6;30-6-2026; € 24.034.770,00 ; € 109.151,21 ;€ 99.956;€ 9.195,54;;; € 100.144,88 ; € 24.034.770,00 ; € 600.869,25 ; € 20.329.409,63 ;2026;  ;  
7;0;7;31-7-2026; € 24.034.770,00 ; € 109.151,21 ;€ 99.917;€ 9.233,85;;; € 100.144,88 ; € 24.034.770,00 ; € 701.014,13 ; € 20.329.409,63 ;2026;  ;  
8;0;8;31-8-2026; € 24.034.770,00 ; € 109.151,21 ;€ 99.879;€ 9.272,32;;; € 100.144,88 ; € 24.034.770,00 ; € 801.159,00 ; € 20.329.409,63 ;2026;  ;  
9;0;9;30-9-2026; € 24.034.770,00 ; € 109.151,21 ;€ 99.840;€ 9.310,96;;; € 100.144,88 ; € 24.034.770,00 ; € 901.303,88 ; € 20.329.409,63 ;2026;  ;  
10;0;10;31-10-2026; € 24.034.770,00 ; € 109.151,21 ;€ 99.801;€ 9.349,76;;; € 100.144,88 ; € 24.034.770,00 ; € 1.001.448,75 ; € 20.329.409,63 ;2026;  ;  
11;0;11;30-11-2026; € 24.034.770,00 ; € 109.151,21 ;€ 99.762;€ 9.388,71;;; € 100.144,88 ; € 24.034.770,00 ; € 1.101.593,63 ; € 20.329.409,63 ;2026;  ;  
12;1;12;31-12-2026; € 24.034.770,00 ; € 109.151,21 ;€ 99.723;€ 9.427,83;€ 110.587; € -   ; € 100.144,88 ; € 24.034.770,00 ; € 1.201.738,50 ; € 20.329.409,63 ;2026; € 1.201.738,50 ; € -   
1;0;13;31-1-2027; € 24.034.770,00 ; € 109.151,21 ;€ 99.684;€ 9.467,11;;; € 100.144,88 ; € 24.034.770,00 ; € 1.301.883,38 ; € 20.329.409,63 ;2027;  ;  
2;0;14;28-2-2027; € 24.034.770,00 ; € 109.151,21 ;€ 99.645;€ 9.506,56;;; € 100.144,88 ; € 24.034.770,00 ; € 1.402.028,25 ; € 20.328.367,96 ;2027;  ;  
3;0;15;31-3-2027; € 24.034.770,00 ; € 109.151,21 ;€ 99.605;€ 9.546,17;;; € 100.144,88 ; € 24.034.770,00 ; € 1.502.173,13 ; € 20.327.326,29 ;2027;  ;  
4;0;16;30-4-2027; € 24.034.770,00 ; € 109.151,21 ;€ 99.565;€ 9.585,95;;; € 100.144,88 ; € 24.034.770,00 ; € 1.602.318,00 ; € 20.326.284,63 ;2027;  ;  
5;0;17;31-5-2027; € 24.034.770,00 ; € 109.151,21 ;€ 99.525;€ 9.625,89;;; € 100.144,88 ; € 24.034.770,00 ; € 1.702.462,88 ; € 20.325.242,96 ;2027;  ;  
6;0;18;30-6-2027; € 24.034.770,00 ; € 109.151,21 ;€ 99.485;€ 9.666,00;;; € 100.144,88 ; € 24.034.770,00 ; € 1.802.607,75 ; € 20.324.201,29 ;2027;  ;  
7;0;19;31-7-2027; € 24.034.770,00 ; € 109.151,21 ;€ 99.445;€ 9.706,27;;; € 100.144,88 ; € 24.034.770,00 ; € 1.902.752,63 ; € 20.323.159,63 ;2027;  ;  
8;0;20;31-8-2027; € 24.034.770,00 ; € 109.151,21 ;€ 99.404;€ 9.746,71;;; € 100.144,88 ; € 24.034.770,00 ; € 2.002.897,50 ; € 20.322.117,96 ;2027;  ;  
9;0;21;30-9-2027; € 24.034.770,00 ; € 109.151,21 ;€ 99.364;€ 9.787,33;;; € 100.144,88 ; € 24.034.770,00 ; € 2.103.042,38 ; € 20.321.076,29 ;2027;  ;  
10;0;22;31-10-2027; € 24.034.770,00 ; € 109.151,21 ;€ 99.323;€ 9.828,11;;; € 100.144,88 ; € 24.034.770,00 ; € 2.203.187,25 ; € 20.320.034,63 ;2027;  ;  
11;0;23;30-11-2027; € 24.034.770,00 ; € 109.151,21 ;€ 99.282;€ 9.869,06;;; € 100.144,88 ; € 24.034.770,00 ; € 2.303.332,13 ; € 20.318.992,96 ;2027;  ;  
12;1;24;31-12-2027; € 24.034.770,00 ; € 109.151,21 ;€ 99.241;€ 9.910,18;€ 116.245; € -   ; € 100.144,88 ; € 24.034.770,00 ; € 2.403.477,00 ; € 20.317.951,29 ;2027; € 1.201.738,50 ; € -   
1;0;25;31-1-2028; € 24.034.770,00 ; € 109.151,21 ;€ 99.200;€ 9.951,47;;; € 100.144,88 ; € 24.034.770,00 ; € 2.503.621,88 ; € 20.316.909,63 ;2028;  ;  
2;0;26;29-2-2028; € 24.034.770,00 ; € 109.151,21 ;€ 99.158;€ 9.992,93;;; € 100.144,88 ; € 24.034.770,00 ; € 2.603.766,75 ; € 20.314.826,29 ;2028;  ;  
3;0;27;31-3-2028; € 24.034.770,00 ; € 109.151,21 ;€ 99.117;€ 10.034,57;;; € 100.144,88 ; € 24.034.770,00 ; € 2.703.911,63 ; € 20.312.742,96 ;2028;  ;  
4;0;28;30-4-2028; € 24.034.770,00 ; € 109.151,21 ;€ 99.075;€ 10.076,38;;; € 100.144,88 ; € 24.034.770,00 ; € 2.804.056,50 ; € 20.310.659,63 ;2028;  ;  
5;0;29;31-5-2028; € 24.034.770,00 ; € 109.151,21 ;€ 99.033;€ 10.118,37;;; € 100.144,88 ; € 24.034.770,00 ; € 2.904.201,38 ; € 20.308.576,29 ;2028;  ;  
6;0;30;30-6-2028; € 24.034.770,00 ; € 109.151,21 ;€ 98.991;€ 10.160,53;;; € 100.144,88 ; € 24.034.770,00 ; € 3.004.346,25 ; € 20.306.492,96 ;2028;  ;  
7;0;31;31-7-2028; € 24.034.770,00 ; € 109.151,21 ;€ 98.948;€ 10.202,86;;; € 100.144,88 ; € 24.034.770,00 ; € 3.104.491,13 ; € 20.304.409,63 ;2028;  ;  
8;0;32;31-8-2028; € 24.034.770,00 ; € 109.151,21 ;€ 98.906;€ 10.245,37;;; € 100.144,88 ; € 24.034.770,00 ; € 3.204.636,00 ; € 20.302.326,29 ;2028;  ;  
9;0;33;30-9-2028; € 24.034.770,00 ; € 109.151,21 ;€ 98.863;€ 10.288,06;;; € 100.144,88 ; € 24.034.770,00 ; € 3.304.780,88 ; € 20.300.242,96 ;2028;  ;  
10;0;34;31-10-2028; € 24.034.770,00 ; € 109.151,21 ;€ 98.820;€ 10.330,93;;; € 100.144,88 ; € 24.034.770,00 ; € 3.404.925,75 ; € 20.298.159,63 ;2028;  ;  
11;0;35;30-11-2028; € 24.034.770,00 ; € 109.151,21 ;€ 98.777;€ 10.373,98;;; € 100.144,88 ; € 24.034.770,00 ; € 3.505.070,63 ; € 20.296.076,29 ;2028;  ;  
12;1;36;31-12-2028; € 24.034.770,00 ; € 109.151,21 ;€ 98.734;€ 10.417,20;€ 122.193; € -   ; € 100.144,88 ; € 24.034.770,00 ; € 3.605.215,50 ; € 20.293.992,96 ;2028; € 1.201.738,50 ; € -   
1;0;37;31-1-2029; € 24.034.770,00 ; € 109.151,21 ;€ 98.691;€ 10.460,61;;; € 100.144,88 ; € 24.034.770,00 ; € 3.705.360,38 ; € 20.291.909,63 ;2029;  ;  
2;0;38;28-2-2029; € 24.034.770,00 ; € 109.151,21 ;€ 98.647;€ 10.504,19;;; € 100.144,88 ; € 24.034.770,00 ; € 3.805.505,25 ; € 20.288.784,63 ;2029;  ;  
3;0;39;31-3-2029; € 24.034.770,00 ; € 109.151,21 ;€ 98.603;€ 10.547,96;;; € 100.144,88 ; € 24.034.770,00 ; € 3.905.650,13 ; € 20.285.659,63 ;2029;  ;  
4;0;40;30-4-2029; € 24.034.770,00 ; € 109.151,21 ;€ 98.559;€ 10.591,91;;; € 100.144,88 ; € 24.034.770,00 ; € 4.005.795,00 ; € 20.282.534,63 ;2029;  ;  
5;0;41;31-5-2029; € 24.034.770,00 ; € 109.151,21 ;€ 98.515;€ 10.636,04;;; € 100.144,88 ; € 24.034.770,00 ; € 4.105.939,88 ; € 20.279.409,63 ;2029;  ;  
6;0;42;30-6-2029; € 24.034.770,00 ; € 109.151,21 ;€ 98.471;€ 10.680,36;;; € 100.144,88 ; € 24.034.770,00 ; € 4.206.084,75 ; € 20.276.284,63 ;2029;  ;  
7;0;43;31-7-2029; € 24.034.770,00 ; € 109.151,21 ;€ 98.426;€ 10.724,86;;; € 100.144,88 ; € 24.034.770,00 ; € 4.306.229,63 ; € 20.273.159,63 ;2029;  ;  
8;0;44;31-8-2029; € 24.034.770,00 ; € 109.151,21 ;€ 98.382;€ 10.769,55;;; € 100.144,88 ; € 24.034.770,00 ; € 4.406.374,50 ; € 20.270.034,63 ;2029;  ;  
9;0;45;30-9-2029; € 24.034.770,00 ; € 109.151,21 ;€ 98.337;€ 10.814,42;;; € 100.144,88 ; € 24.034.770,00 ; € 4.506.519,38 ; € 20.266.909,63 ;2029;  ;  
10;0;46;31-10-2029; € 24.034.770,00 ; € 109.151,21 ;€ 98.292;€ 10.859,48;;; € 100.144,88 ; € 24.034.770,00 ; € 4.606.664,25 ; € 20.263.784,63 ;2029;  ;  
11;0;47;30-11-2029; € 24.034.770,00 ; € 109.151,21 ;€ 98.246;€ 10.904,73;;; € 100.144,88 ; € 24.034.770,00 ; € 4.706.809,13 ; € 20.260.659,63 ;2029;  ;  
12;1;48;31-12-2029; € 24.034.770,00 ; € 109.151,21 ;€ 98.201;€ 10.950,17;€ 128.444; € -   ; € 100.144,88 ; € 24.034.770,00 ; € 4.806.954,00 ; € 20.257.534,63 ;2029; € 1.201.738,50 ; € -   
1;0;49;31-1-2030; € 24.034.770,00 ; € 109.151,21 ;€ 98.155;€ 10.995,79;;; € 100.144,88 ; € 24.034.770,00 ; € 4.907.098,88 ; € 20.254.409,63 ;2030;  ;  
2;0;50;28-2-2030; € 24.034.770,00 ; € 109.151,21 ;€ 98.110;€ 11.041,61;;; € 100.144,88 ; € 24.034.770,00 ; € 5.007.243,75 ; € 20.249.201,29 ;2030;  ;  
3;0;51;31-3-2030; € 24.034.770,00 ; € 109.151,21 ;€ 98.064;€ 11.087,61;;; € 100.144,88 ; € 24.034.770,00 ; € 5.107.388,63 ; € 20.243.992,96 ;2030;  ;  
4;0;52;30-4-2030; € 24.034.770,00 ; € 109.151,21 ;€ 98.017;€ 11.133,81;;; € 100.144,88 ; € 24.034.770,00 ; € 5.207.533,50 ; € 20.238.784,63 ;2030;  ;  
5;0;53;31-5-2030; € 24.034.770,00 ; € 109.151,21 ;€ 97.971;€ 11.180,20;;; € 100.144,88 ; € 24.034.770,00 ; € 5.307.678,38 ; € 20.233.576,29 ;2030;  ;  
6;0;54;30-6-2030; € 24.034.770,00 ; € 109.151,21 ;€ 97.924;€ 11.226,79;;; € 100.144,88 ; € 24.034.770,00 ; € 5.407.823,25 ; € 20.228.367,96 ;2030;  ;  
7;0;55;31-7-2030; € 24.034.770,00 ; € 109.151,21 ;€ 97.878;€ 11.273,57;;; € 100.144,88 ; € 24.034.770,00 ; € 5.507.968,13 ; € 20.223.159,63 ;2030;  ;  
8;0;56;31-8-2030; € 24.034.770,00 ; € 109.151,21 ;€ 97.831;€ 11.320,54;;; € 100.144,88 ; € 24.034.770,00 ; € 5.608.113,00 ; € 20.217.951,29 ;2030;  ;  
9;0;57;30-9-2030; € 24.034.770,00 ; € 109.151,21 ;€ 97.784;€ 11.367,71;;; € 100.144,88 ; € 24.034.770,00 ; € 5.708.257,88 ; € 20.212.742,96 ;2030;  ;  
10;0;58;31-10-2030; € 24.034.770,00 ; € 109.151,21 ;€ 97.736;€ 11.415,07;;; € 100.144,88 ; € 24.034.770,00 ; € 5.808.402,75 ; € 20.207.534,63 ;2030;  ;  
11;0;59;30-11-2030; € 24.034.770,00 ; € 109.151,21 ;€ 97.689;€ 11.462,64;;; € 100.144,88 ; € 24.034.770,00 ; € 5.908.547,63 ; € 20.202.326,29 ;2030;  ;  
12;1;60;31-12-2030; € 24.034.770,00 ; € 109.151,21 ;€ 97.641;€ 11.510,40;€ 135.016; € -   ; € 100.144,88 ; € 24.034.770,00 ; € 6.008.692,50 ; € 20.197.117,96 ;2030; € 1.201.738,50 ; € -   
1;0;61;31-1-2031; € 24.034.770,00 ; € 109.151,21 ;€ 97.593;€ 11.558,36;;; € 100.144,88 ; € 24.034.770,00 ; € 6.108.837,38 ; € 20.191.909,63 ;2031;  ;  
2;0;62;28-2-2031; € 24.034.770,00 ; € 109.151,21 ;€ 97.545;€ 11.606,52;;; € 100.144,88 ; € 24.034.770,00 ; € 6.208.982,25 ; € 20.183.576,29 ;2031;  ;  
3;0;63;31-3-2031; € 24.034.770,00 ; € 109.151,21 ;€ 97.496;€ 11.654,88;;; € 100.144,88 ; € 24.034.770,00 ; € 6.309.127,13 ; € 20.175.242,96 ;2031;  ;  
4;0;64;30-4-2031; € 24.034.770,00 ; € 109.151,21 ;€ 97.448;€ 11.703,44;;; € 100.144,88 ; € 24.034.770,00 ; € 6.409.272,00 ; € 20.166.909,63 ;2031;  ;  
5;0;65;31-5-2031; € 24.034.770,00 ; € 109.151,21 ;€ 97.399;€ 11.752,20;;; € 100.144,88 ; € 24.034.770,00 ; € 6.509.416,88 ; € 20.158.576,29 ;2031;  ;  
6;0;66;30-6-2031; € 24.034.770,00 ; € 109.151,21 ;€ 97.350;€ 11.801,17;;; € 100.144,88 ; € 24.034.770,00 ; € 6.609.561,75 ; € 20.150.242,96 ;2031;  ;  
7;0;67;31-7-2031; € 24.034.770,00 ; € 109.151,21 ;€ 97.301;€ 11.850,34;;; € 100.144,88 ; € 24.034.770,00 ; € 6.709.706,63 ; € 20.141.909,63 ;2031;  ;  
8;0;68;31-8-2031; € 24.034.770,00 ; € 109.151,21 ;€ 97.251;€ 11.899,72;;; € 100.144,88 ; € 24.034.770,00 ; € 6.809.851,50 ; € 20.133.576,29 ;2031;  ;  
9;0;69;30-9-2031; € 24.034.770,00 ; € 109.151,21 ;€ 97.202;€ 11.949,30;;; € 100.144,88 ; € 24.034.770,00 ; € 6.909.996,38 ; € 20.125.242,96 ;2031;  ;  
10;0;70;31-10-2031; € 24.034.770,00 ; € 109.151,21 ;€ 97.152;€ 11.999,09;;; € 100.144,88 ; € 24.034.770,00 ; € 7.010.141,25 ; € 20.116.909,63 ;2031;  ;  
11;0;71;30-11-2031; € 24.034.770,00 ; € 109.151,21 ;€ 97.102;€ 12.049,09;;; € 100.144,88 ; € 24.034.770,00 ; € 7.110.286,13 ; € 20.108.576,29 ;2031;  ;  
12;1;72;31-12-2031; € 24.034.770,00 ; € 109.151,21 ;€ 97.052;€ 12.099,29;€ 141.923; € -   ; € 100.144,88 ; € 24.034.770,00 ; € 7.210.431,00 ; € 20.100.242,96 ;2031; € 1.201.738,50 ; € -   
1;0;73;31-1-2032; € 24.034.770,00 ; € 109.151,21 ;€ 97.002;€ 12.149,70;;; € 100.144,88 ; € 24.034.770,00 ; € 7.310.575,88 ; € 20.091.909,63 ;2032;  ;  
2;0;74;29-2-2032; € 24.034.770,00 ; € 109.151,21 ;€ 96.951;€ 12.200,33;;; € 100.144,88 ; € 24.034.770,00 ; € 7.410.720,75 ; € 20.080.451,29 ;2032;  ;  
3;0;75;31-3-2032; € 24.034.770,00 ; € 109.151,21 ;€ 96.900;€ 12.251,16;;; € 100.144,88 ; € 24.034.770,00 ; € 7.510.865,63 ; € 20.068.992,96 ;2032;  ;  
4;0;76;30-4-2032; € 24.034.770,00 ; € 109.151,21 ;€ 96.849;€ 12.302,21;;; € 100.144,88 ; € 24.034.770,00 ; € 7.611.010,50 ; € 20.057.534,63 ;2032;  ;  
5;0;77;31-5-2032; € 24.034.770,00 ; € 109.151,21 ;€ 96.798;€ 12.353,47;;; € 100.144,88 ; € 24.034.770,00 ; € 7.711.155,38 ; € 20.046.076,29 ;2032;  ;  
6;0;78;30-6-2032; € 24.034.770,00 ; € 109.151,21 ;€ 96.746;€ 12.404,94;;; € 100.144,88 ; € 24.034.770,00 ; € 7.811.300,25 ; € 20.034.617,96 ;2032;  ;  
7;0;79;31-7-2032; € 24.034.770,00 ; € 109.151,21 ;€ 96.695;€ 12.456,63;;; € 100.144,88 ; € 24.034.770,00 ; € 7.911.445,13 ; € 20.023.159,63 ;2032;  ;  
8;0;80;31-8-2032; € 24.034.770,00 ; € 109.151,21 ;€ 96.643;€ 12.508,53;;; € 100.144,88 ; € 24.034.770,00 ; € 8.011.590,00 ; € 20.011.701,29 ;2032;  ;  
9;0;81;30-9-2032; € 24.034.770,00 ; € 109.151,21 ;€ 96.591;€ 12.560,65;;; € 100.144,88 ; € 24.034.770,00 ; € 8.111.734,88 ; € 20.000.242,96 ;2032;  ;  
10;0;82;31-10-2032; € 24.034.770,00 ; € 109.151,21 ;€ 96.538;€ 12.612,99;;; € 100.144,88 ; € 24.034.770,00 ; € 8.211.879,75 ; € 19.988.784,63 ;2032;  ;  
11;0;83;30-11-2032; € 24.034.770,00 ; € 109.151,21 ;€ 96.486;€ 12.665,54;;; € 100.144,88 ; € 24.034.770,00 ; € 8.312.024,63 ; € 19.977.326,29 ;2032;  ;  
12;1;84;31-12-2032; € 24.034.770,00 ; € 109.151,21 ;€ 96.433;€ 12.718,31;€ 149.184; € -   ; € 100.144,88 ; € 24.034.770,00 ; € 8.412.169,50 ; € 19.965.867,96 ;2032; € 1.201.738,50 ; € -   
1;0;85;31-1-2033; € 24.034.770,00 ; € 109.151,21 ;€ 96.380;€ 12.771,31;;; € 100.144,88 ; € 24.034.770,00 ; € 8.512.314,38 ; € 19.954.409,63 ;2033;  ;  
2;0;86;28-2-2033; € 24.034.770,00 ; € 109.151,21 ;€ 96.327;€ 12.824,52;;; € 100.144,88 ; € 24.034.770,00 ; € 8.612.459,25 ; € 19.940.867,96 ;2033;  ;  
3;0;87;31-3-2033; € 24.034.770,00 ; € 109.151,21 ;€ 96.273;€ 12.877,96;;; € 100.144,88 ; € 24.034.770,00 ; € 8.712.604,13 ; € 19.927.326,29 ;2033;  ;  
4;0;88;30-4-2033; € 24.034.770,00 ; € 109.151,21 ;€ 96.220;€ 12.931,61;;; € 100.144,88 ; € 24.034.770,00 ; € 8.812.749,00 ; € 19.913.784,63 ;2033;  ;  
5;0;89;31-5-2033; € 24.034.770,00 ; € 109.151,21 ;€ 96.166;€ 12.985,49;;; € 100.144,88 ; € 24.034.770,00 ; € 8.912.893,88 ; € 19.900.242,96 ;2033;  ;  
6;0;90;30-6-2033; € 24.034.770,00 ; € 109.151,21 ;€ 96.112;€ 13.039,60;;; € 100.144,88 ; € 24.034.770,00 ; € 9.013.038,75 ; € 19.886.701,29 ;2033;  ;  
7;0;91;31-7-2033; € 24.034.770,00 ; € 109.151,21 ;€ 96.057;€ 13.093,93;;; € 100.144,88 ; € 24.034.770,00 ; € 9.113.183,63 ; € 19.873.159,63 ;2033;  ;  
8;0;92;31-8-2033; € 24.034.770,00 ; € 109.151,21 ;€ 96.003;€ 13.148,49;;; € 100.144,88 ; € 24.034.770,00 ; € 9.213.328,50 ; € 19.859.617,96 ;2033;  ;  
9;0;93;30-9-2033; € 24.034.770,00 ; € 109.151,21 ;€ 95.948;€ 13.203,28;;; € 100.144,88 ; € 24.034.770,00 ; € 9.313.473,38 ; € 19.846.076,29 ;2033;  ;  
10;0;94;31-10-2033; € 24.034.770,00 ; € 109.151,21 ;€ 95.893;€ 13.258,29;;; € 100.144,88 ; € 24.034.770,00 ; € 9.413.618,25 ; € 19.832.534,63 ;2033;  ;  
11;0;95;30-11-2033; € 24.034.770,00 ; € 109.151,21 ;€ 95.838;€ 13.313,53;;; € 100.144,88 ; € 24.034.770,00 ; € 9.513.763,13 ; € 19.818.992,96 ;2033;  ;  
12;1;96;31-12-2033; € 24.034.770,00 ; € 109.151,21 ;€ 95.782;€ 13.369,01;€ 156.817; € -   ; € 100.144,88 ; € 24.034.770,00 ; € 9.613.908,00 ; € 19.805.451,29 ;2033; € 1.201.738,50 ; € -   
1;0;97;31-1-2034; € 24.034.770,00 ; € 109.151,21 ;€ 95.726;€ 13.424,71;;; € 100.144,88 ; € 24.034.770,00 ; € 9.714.052,88 ; € 19.791.909,63 ;2034;  ;  
2;0;98;28-2-2034; € 24.034.770,00 ; € 109.151,21 ;€ 95.671;€ 13.480,65;;; € 100.144,88 ; € 24.034.770,00 ; € 9.814.197,75 ; € 19.775.242,96 ;2034;  ;  
3;0;99;31-3-2034; € 24.034.770,00 ; € 109.151,21 ;€ 95.614;€ 13.536,82;;; € 100.144,88 ; € 24.034.770,00 ; € 9.914.342,63 ; € 19.758.576,29 ;2034;  ;  
4;0;100;30-4-2034; € 24.034.770,00 ; € 109.151,21 ;€ 95.558;€ 13.593,22;;; € 100.144,88 ; € 24.034.770,00 ; € 10.014.487,50 ; € 19.741.909,63 ;2034;  ;  
5;0;101;31-5-2034; € 24.034.770,00 ; € 109.151,21 ;€ 95.501;€ 13.649,86;;; € 100.144,88 ; € 24.034.770,00 ; € 10.114.632,38 ; € 19.725.242,96 ;2034;  ;  
6;0;102;30-6-2034; € 24.034.770,00 ; € 109.151,21 ;€ 95.444;€ 13.706,73;;; € 100.144,88 ; € 24.034.770,00 ; € 10.214.777,25 ; € 19.708.576,29 ;2034;  ;  
7;0;103;31-7-2034; € 24.034.770,00 ; € 109.151,21 ;€ 95.387;€ 13.763,84;;; € 100.144,88 ; € 24.034.770,00 ; € 10.314.922,13 ; € 19.691.909,63 ;2034;  ;  
8;0;104;31-8-2034; € 24.034.770,00 ; € 109.151,21 ;€ 95.330;€ 13.821,19;;; € 100.144,88 ; € 24.034.770,00 ; € 10.415.067,00 ; € 19.675.242,96 ;2034;  ;  
9;0;105;30-9-2034; € 24.034.770,00 ; € 109.151,21 ;€ 95.272;€ 13.878,78;;; € 100.144,88 ; € 24.034.770,00 ; € 10.515.211,88 ; € 19.658.576,29 ;2034;  ;  
10;0;106;31-10-2034; € 24.034.770,00 ; € 109.151,21 ;€ 95.215;€ 13.936,61;;; € 100.144,88 ; € 24.034.770,00 ; € 10.615.356,75 ; € 19.641.909,63 ;2034;  ;  
11;0;107;30-11-2034; € 24.034.770,00 ; € 109.151,21 ;€ 95.157;€ 13.994,68;;; € 100.144,88 ; € 24.034.770,00 ; € 10.715.501,63 ; € 19.625.242,96 ;2034;  ;  
12;1;108;31-12-2034; € 24.034.770,00 ; € 109.151,21 ;€ 95.098;€ 14.052,99;€ 164.840; € -   ; € 100.144,88 ; € 24.034.770,00 ; € 10.815.646,50 ; € 19.608.576,29 ;2034; € 1.201.738,50 ; € -   
1;0;109;31-1-2035; € 24.034.770,00 ; € 109.151,21 ;€ 95.040;€ 14.111,54;;; € 100.144,88 ; € 24.034.770,00 ; € 10.915.791,38 ; € 19.591.909,63 ;2035;  ;  
2;0;110;28-2-2035; € 24.034.770,00 ; € 109.151,21 ;€ 94.981;€ 14.170,34;;; € 100.144,88 ; € 24.034.770,00 ; € 11.015.936,25 ; € 19.572.117,96 ;2035;  ;  
3;0;111;31-3-2035; € 24.034.770,00 ; € 109.151,21 ;€ 94.922;€ 14.229,38;;; € 100.144,88 ; € 24.034.770,00 ; € 11.116.081,13 ; € 19.552.326,29 ;2035;  ;  
4;0;112;30-4-2035; € 24.034.770,00 ; € 109.151,21 ;€ 94.863;€ 14.288,67;;; € 100.144,88 ; € 24.034.770,00 ; € 11.216.226,00 ; € 19.532.534,63 ;2035;  ;  
5;0;113;31-5-2035; € 24.034.770,00 ; € 109.151,21 ;€ 94.803;€ 14.348,21;;; € 100.144,88 ; € 24.034.770,00 ; € 11.316.370,88 ; € 19.512.742,96 ;2035;  ;  
6;0;114;30-6-2035; € 24.034.770,00 ; € 109.151,21 ;€ 94.743;€ 14.407,99;;; € 100.144,88 ; € 24.034.770,00 ; € 11.416.515,75 ; € 19.492.951,29 ;2035;  ;  
7;0;115;31-7-2035; € 24.034.770,00 ; € 109.151,21 ;€ 94.683;€ 14.468,03;;; € 100.144,88 ; € 24.034.770,00 ; € 11.516.660,63 ; € 19.473.159,62 ;2035;  ;  
8;0;116;31-8-2035; € 24.034.770,00 ; € 109.151,21 ;€ 94.623;€ 14.528,31;;; € 100.144,88 ; € 24.034.770,00 ; € 11.616.805,50 ; € 19.453.367,96 ;2035;  ;  
9;0;117;30-9-2035; € 24.034.770,00 ; € 109.151,21 ;€ 94.562;€ 14.588,85;;; € 100.144,88 ; € 24.034.770,00 ; € 11.716.950,38 ; € 19.433.576,29 ;2035;  ;  
10;0;118;31-10-2035; € 24.034.770,00 ; € 109.151,21 ;€ 94.502;€ 14.649,63;;; € 100.144,88 ; € 24.034.770,00 ; € 11.817.095,25 ; € 19.413.784,62 ;2035;  ;  
11;0;119;30-11-2035; € 24.034.770,00 ; € 109.151,21 ;€ 94.441;€ 14.710,67;;; € 100.144,88 ; € 24.034.770,00 ; € 11.917.240,13 ; € 19.393.992,96 ;2035;  ;  
12;1;120;31-12-2035; € 24.034.770,00 ; € 109.151,21 ;€ 94.379;€ 14.771,97;€ 173.274; € -   ; € 100.144,88 ; € 24.034.770,00 ; € 12.017.385,00 ; € 19.374.201,29 ;2035; € 1.201.738,50 ; € -   
1;0;121;31-1-2036; € 24.034.770,00 ; € 109.151,21 ;€ 94.318;€ 14.833,52;;; € 100.144,88 ; € 24.034.770,00 ; € 12.117.529,88 ; € 19.354.409,62 ;2036;  ;  
2;0;122;29-2-2036; € 24.034.770,00 ; € 109.151,21 ;€ 94.256;€ 14.895,32;;; € 100.144,88 ; € 24.034.770,00 ; € 12.217.674,75 ; € 19.331.492,96 ;2036;  ;  
3;0;123;31-3-2036; € 24.034.770,00 ; € 109.151,21 ;€ 94.194;€ 14.957,39;;; € 100.144,88 ; € 24.034.770,00 ; € 12.317.819,63 ; € 19.308.576,29 ;2036;  ;  
4;0;124;30-4-2036; € 24.034.770,00 ; € 109.151,21 ;€ 94.131;€ 15.019,71;;; € 100.144,88 ; € 24.034.770,00 ; € 12.417.964,50 ; € 19.285.659,62 ;2036;  ;  
5;0;125;31-5-2036; € 24.034.770,00 ; € 109.151,21 ;€ 94.069;€ 15.082,29;;; € 100.144,88 ; € 24.034.770,00 ; € 12.518.109,38 ; € 19.262.742,96 ;2036;  ;  
6;0;126;30-6-2036; € 24.034.770,00 ; € 109.151,21 ;€ 94.006;€ 15.145,13;;; € 100.144,88 ; € 24.034.770,00 ; € 12.618.254,25 ; € 19.239.826,29 ;2036;  ;  
7;0;127;31-7-2036; € 24.034.770,00 ; € 109.151,21 ;€ 93.943;€ 15.208,24;;; € 100.144,88 ; € 24.034.770,00 ; € 12.718.399,13 ; € 19.216.909,62 ;2036;  ;  
8;0;128;31-8-2036; € 24.034.770,00 ; € 109.151,21 ;€ 93.880;€ 15.271,61;;; € 100.144,88 ; € 24.034.770,00 ; € 12.818.544,00 ; € 19.193.992,96 ;2036;  ;  
9;0;129;30-9-2036; € 24.034.770,00 ; € 109.151,21 ;€ 93.816;€ 15.335,24;;; € 100.144,88 ; € 24.034.770,00 ; € 12.918.688,88 ; € 19.171.076,29 ;2036;  ;  
10;0;130;31-10-2036; € 24.034.770,00 ; € 109.151,21 ;€ 93.752;€ 15.399,14;;; € 100.144,88 ; € 24.034.770,00 ; € 13.018.833,75 ; € 19.148.159,63 ;2036;  ;  
11;0;131;30-11-2036; € 24.034.770,00 ; € 109.151,21 ;€ 93.688;€ 15.463,30;;; € 100.144,88 ; € 24.034.770,00 ; € 13.118.978,63 ; € 19.125.242,96 ;2036;  ;  
12;1;132;31-12-2036; € 24.034.770,00 ; € 109.151,21 ;€ 93.623;€ 15.527,73;€ 182.139; € -   ; € 100.144,88 ; € 24.034.770,00 ; € 13.219.123,50 ; € 19.102.326,29 ;2036; € 1.201.738,50 ; € -   
1;0;133;31-1-2037; € 24.034.770,00 ; € 109.151,21 ;€ 93.559;€ 15.592,43;;; € 100.144,88 ; € 24.034.770,00 ; € 13.319.268,38 ; € 19.079.409,63 ;2037;  ;  
2;0;134;28-2-2037; € 24.034.770,00 ; € 109.151,21 ;€ 93.494;€ 15.657,40;;; € 100.144,88 ; € 24.034.770,00 ; € 13.419.413,25 ; € 19.053.367,96 ;2037;  ;  
3;0;135;31-3-2037; € 24.034.770,00 ; € 109.151,21 ;€ 93.429;€ 15.722,64;;; € 100.144,88 ; € 24.034.770,00 ; € 13.519.558,13 ; € 19.027.326,29 ;2037;  ;  
4;0;136;30-4-2037; € 24.034.770,00 ; € 109.151,21 ;€ 93.363;€ 15.788,15;;; € 100.144,88 ; € 24.034.770,00 ; € 13.619.703,00 ; € 19.001.284,63 ;2037;  ;  
5;0;137;31-5-2037; € 24.034.770,00 ; € 109.151,21 ;€ 93.297;€ 15.853,93;;; € 100.144,88 ; € 24.034.770,00 ; € 13.719.847,88 ; € 18.975.242,96 ;2037;  ;  
6;0;138;30-6-2037; € 24.034.770,00 ; € 109.151,21 ;€ 93.231;€ 15.919,99;;; € 100.144,88 ; € 24.034.770,00 ; € 13.819.992,75 ; € 18.949.201,29 ;2037;  ;  
7;0;139;31-7-2037; € 24.034.770,00 ; € 109.151,21 ;€ 93.165;€ 15.986,32;;; € 100.144,88 ; € 24.034.770,00 ; € 13.920.137,63 ; € 18.923.159,63 ;2037;  ;  
8;0;140;31-8-2037; € 24.034.770,00 ; € 109.151,21 ;€ 93.098;€ 16.052,93;;; € 100.144,88 ; € 24.034.770,00 ; € 14.020.282,50 ; € 18.897.117,96 ;2037;  ;  
9;0;141;30-9-2037; € 24.034.770,00 ; € 109.151,21 ;€ 93.031;€ 16.119,82;;; € 100.144,88 ; € 24.034.770,00 ; € 14.120.427,38 ; € 18.871.076,29 ;2037;  ;  
10;0;142;31-10-2037; € 24.034.770,00 ; € 109.151,21 ;€ 92.964;€ 16.186,98;;; € 100.144,88 ; € 24.034.770,00 ; € 14.220.572,25 ; € 18.845.034,63 ;2037;  ;  
11;0;143;30-11-2037; € 24.034.770,00 ; € 109.151,21 ;€ 92.897;€ 16.254,43;;; € 100.144,88 ; € 24.034.770,00 ; € 14.320.717,13 ; € 18.818.992,96 ;2037;  ;  
12;1;144;31-12-2037; € 24.034.770,00 ; € 109.151,21 ;€ 92.829;€ 16.322,16;€ 191.457; € -   ; € 100.144,88 ; € 24.034.770,00 ; € 14.420.862,00 ; € 18.792.951,29 ;2037; € 1.201.738,50 ; € -   
1;0;145;31-1-2038; € 24.034.770,00 ; € 109.151,21 ;€ 92.761;€ 16.390,17;;; € 100.144,88 ; € 24.034.770,00 ; € 14.521.006,88 ; € 18.766.909,63 ;2038;  ;  
2;0;146;28-2-2038; € 24.034.770,00 ; € 109.151,21 ;€ 92.693;€ 16.458,46;;; € 100.144,88 ; € 24.034.770,00 ; € 14.621.151,75 ; € 18.736.701,29 ;2038;  ;  
3;0;147;31-3-2038; € 24.034.770,00 ; € 109.151,21 ;€ 92.624;€ 16.527,04;;; € 100.144,88 ; € 24.034.770,00 ; € 14.721.296,63 ; € 18.706.492,96 ;2038;  ;  
4;0;148;30-4-2038; € 24.034.770,00 ; € 109.151,21 ;€ 92.555;€ 16.595,90;;; € 100.144,88 ; € 24.034.770,00 ; € 14.821.441,50 ; € 18.676.284,63 ;2038;  ;  
5;0;149;31-5-2038; € 24.034.770,00 ; € 109.151,21 ;€ 92.486;€ 16.665,05;;; € 100.144,88 ; € 24.034.770,00 ; € 14.921.586,38 ; € 18.646.076,29 ;2038;  ;  
6;0;150;30-6-2038; € 24.034.770,00 ; € 109.151,21 ;€ 92.417;€ 16.734,49;;; € 100.144,88 ; € 24.034.770,00 ; € 15.021.731,25 ; € 18.615.867,96 ;2038;  ;  
7;0;151;31-7-2038; € 24.034.770,00 ; € 109.151,21 ;€ 92.347;€ 16.804,21;;; € 100.144,88 ; € 24.034.770,00 ; € 15.121.876,13 ; € 18.585.659,63 ;2038;  ;  
8;0;152;31-8-2038; € 24.034.770,00 ; € 109.151,21 ;€ 92.277;€ 16.874,23;;; € 100.144,88 ; € 24.034.770,00 ; € 15.222.021,00 ; € 18.555.451,29 ;2038;  ;  
9;0;153;30-9-2038; € 24.034.770,00 ; € 109.151,21 ;€ 92.207;€ 16.944,54;;; € 100.144,88 ; € 24.034.770,00 ; € 15.322.165,88 ; € 18.525.242,96 ;2038;  ;  
10;0;154;31-10-2038; € 24.034.770,00 ; € 109.151,21 ;€ 92.136;€ 17.015,14;;; € 100.144,88 ; € 24.034.770,00 ; € 15.422.310,75 ; € 18.495.034,63 ;2038;  ;  
11;0;155;30-11-2038; € 24.034.770,00 ; € 109.151,21 ;€ 92.065;€ 17.086,04;;; € 100.144,88 ; € 24.034.770,00 ; € 15.522.455,63 ; € 18.464.826,29 ;2038;  ;  
12;1;156;31-12-2038; € 24.034.770,00 ; € 109.151,21 ;€ 91.994;€ 17.157,23;€ 201.252; € -   ; € 100.144,88 ; € 24.034.770,00 ; € 15.622.600,50 ; € 18.434.617,96 ;2038; € 1.201.738,50 ; € -   
1;0;157;31-1-2039; € 24.034.770,00 ; € 109.151,21 ;€ 91.922;€ 17.228,72;;; € 100.144,88 ; € 24.034.770,00 ; € 15.722.745,38 ; € 18.404.409,63 ;2039;  ;  
2;0;158;28-2-2039; € 24.034.770,00 ; € 109.151,21 ;€ 91.851;€ 17.300,50;;; € 100.144,88 ; € 24.034.770,00 ; € 15.822.890,25 ; € 22.403.161,25 ;2039;  ;  
3;0;159;31-3-2039; € 24.034.770,00 ; € 109.151,21 ;€ 91.779;€ 17.372,59;;; € 100.144,88 ; € 24.034.770,00 ; € 15.923.035,13 ; € 22.303.016,38 ;2039;  ;  
4;0;160;30-4-2039; € 24.034.770,00 ; € 109.151,21 ;€ 91.706;€ 17.444,98;;; € 100.144,88 ; € 24.034.770,00 ; € 16.023.180,00 ; € 22.202.871,50 ;2039;  ;  
5;0;161;31-5-2039; € 24.034.770,00 ; € 109.151,21 ;€ 91.634;€ 17.517,66;;; € 100.144,88 ; € 24.034.770,00 ; € 16.123.324,88 ; € 22.102.726,63 ;2039;  ;  
6;0;162;30-6-2039; € 24.034.770,00 ; € 109.151,21 ;€ 91.561;€ 17.590,65;;; € 100.144,88 ; € 24.034.770,00 ; € 16.223.469,75 ; € 22.002.581,75 ;2039;  ;  
7;0;163;31-7-2039; € 24.034.770,00 ; € 109.151,21 ;€ 91.487;€ 17.663,95;;; € 100.144,88 ; € 24.034.770,00 ; € 16.323.614,63 ; € 21.902.436,88 ;2039;  ;  
8;0;164;31-8-2039; € 24.034.770,00 ; € 109.151,21 ;€ 91.414;€ 17.737,55;;; € 100.144,88 ; € 24.034.770,00 ; € 16.423.759,50 ; € 21.802.292,00 ;2039;  ;  
9;0;165;30-9-2039; € 24.034.770,00 ; € 109.151,21 ;€ 91.340;€ 17.811,45;;; € 100.144,88 ; € 24.034.770,00 ; € 16.523.904,38 ; € 21.702.147,13 ;2039;  ;  
10;0;166;31-10-2039; € 24.034.770,00 ; € 109.151,21 ;€ 91.266;€ 17.885,67;;; € 100.144,88 ; € 24.034.770,00 ; € 16.624.049,25 ; € 21.602.002,25 ;2039;  ;  
11;0;167;30-11-2039; € 24.034.770,00 ; € 109.151,21 ;€ 91.191;€ 17.960,19;;; € 100.144,88 ; € 24.034.770,00 ; € 16.724.194,13 ; € 21.501.857,38 ;2039;  ;  
12;1;168;31-12-2039; € 24.034.770,00 ; € 109.151,21 ;€ 91.116;€ 18.035,03;€ 211.549; € -   ; € 100.144,88 ; € 24.034.770,00 ; € 16.824.339,00 ; € 21.401.712,50 ;2039; € 1.201.738,50 ; € -   
1;0;169;31-1-2040; € 24.034.770,00 ; € 109.151,21 ;€ 91.041;€ 18.110,17;;; € 100.144,88 ; € 24.034.770,00 ; € 16.924.483,88 ; € 21.301.567,63 ;2040;  ;  
2;0;170;29-2-2040; € 24.034.770,00 ; € 109.151,21 ;€ 90.966;€ 18.185,63;;; € 100.144,88 ; € 24.034.770,00 ; € 17.024.628,75 ; € 21.201.422,75 ;2040;  ;  
3;0;171;31-3-2040; € 24.034.770,00 ; € 109.151,21 ;€ 90.890;€ 18.261,40;;; € 100.144,88 ; € 24.034.770,00 ; € 17.124.773,63 ; € 21.101.277,88 ;2040;  ;  
4;0;172;30-4-2040; € 24.034.770,00 ; € 109.151,21 ;€ 90.814;€ 18.337,49;;; € 100.144,88 ; € 24.034.770,00 ; € 17.224.918,50 ; € 21.001.133,00 ;2040;  ;  
5;0;173;31-5-2040; € 24.034.770,00 ; € 109.151,21 ;€ 90.737;€ 18.413,90;;; € 100.144,88 ; € 24.034.770,00 ; € 17.325.063,38 ; € 20.900.988,13 ;2040;  ;  
6;0;174;30-6-2040; € 24.034.770,00 ; € 109.151,21 ;€ 90.661;€ 18.490,62;;; € 100.144,88 ; € 24.034.770,00 ; € 17.425.208,25 ; € 20.800.843,25 ;2040;  ;  
7;0;175;31-7-2040; € 24.034.770,00 ; € 109.151,21 ;€ 90.584;€ 18.567,67;;; € 100.144,88 ; € 24.034.770,00 ; € 17.525.353,13 ; € 20.700.698,38 ;2040;  ;  
8;0;176;31-8-2040; € 24.034.770,00 ; € 109.151,21 ;€ 90.506;€ 18.645,03;;; € 100.144,88 ; € 24.034.770,00 ; € 17.625.498,00 ; € 20.600.553,50 ;2040;  ;  
9;0;177;30-9-2040; € 24.034.770,00 ; € 109.151,21 ;€ 90.428;€ 18.722,72;;; € 100.144,88 ; € 24.034.770,00 ; € 17.725.642,88 ; € 20.500.408,63 ;2040;  ;  
10;0;178;31-10-2040; € 24.034.770,00 ; € 109.151,21 ;€ 90.350;€ 18.800,73;;; € 100.144,88 ; € 24.034.770,00 ; € 17.825.787,75 ; € 20.400.263,75 ;2040;  ;  
11;0;179;30-11-2040; € 24.034.770,00 ; € 109.151,21 ;€ 90.272;€ 18.879,07;;; € 100.144,88 ; € 24.034.770,00 ; € 17.925.932,63 ; € 20.300.118,88 ;2040;  ;  
12;1;180;31-12-2040; € 24.034.770,00 ; € 109.151,21 ;€ 90.193;€ 18.957,73;€ 222.372; € -   ; € 100.144,88 ; € 24.034.770,00 ; € 18.026.077,50 ; € 20.199.974,00 ;2040; € 1.201.738,50 ; € -   
1;0;181;31-1-2041; € 24.034.770,00 ; € 109.151,21 ;€ 90.114;€ 19.036,72;;; € 100.144,88 ; € 24.034.770,00 ; € 18.126.222,38 ; € 20.099.829,13 ;2041;  ;  
2;0;182;28-2-2041; € 24.034.770,00 ; € 109.151,21 ;€ 90.035;€ 19.116,04;;; € 100.144,88 ; € 24.034.770,00 ; € 18.226.367,25 ; € 19.999.684,25 ;2041;  ;  
3;0;183;31-3-2041; € 24.034.770,00 ; € 109.151,21 ;€ 89.956;€ 19.195,69;;; € 100.144,88 ; € 24.034.770,00 ; € 18.326.512,13 ; € 19.899.539,38 ;2041;  ;  
4;0;184;30-4-2041; € 24.034.770,00 ; € 109.151,21 ;€ 89.876;€ 19.275,67;;; € 100.144,88 ; € 24.034.770,00 ; € 18.426.657,00 ; € 19.799.394,50 ;2041;  ;  
5;0;185;31-5-2041; € 24.034.770,00 ; € 109.151,21 ;€ 89.795;€ 19.355,99;;; € 100.144,88 ; € 24.034.770,00 ; € 18.526.801,88 ; € 19.699.249,63 ;2041;  ;  
6;0;186;30-6-2041; € 24.034.770,00 ; € 109.151,21 ;€ 89.715;€ 19.436,64;;; € 100.144,88 ; € 24.034.770,00 ; € 18.626.946,75 ; € 19.599.104,75 ;2041;  ;  
7;0;187;31-7-2041; € 24.034.770,00 ; € 109.151,21 ;€ 89.634;€ 19.517,63;;; € 100.144,88 ; € 24.034.770,00 ; € 18.727.091,63 ; € 19.498.959,88 ;2041;  ;  
8;0;188;31-8-2041; € 24.034.770,00 ; € 109.151,21 ;€ 89.552;€ 19.598,95;;; € 100.144,88 ; € 24.034.770,00 ; € 18.827.236,50 ; € 19.398.815,00 ;2041;  ;  
9;0;189;30-9-2041; € 24.034.770,00 ; € 109.151,21 ;€ 89.471;€ 19.680,61;;; € 100.144,88 ; € 24.034.770,00 ; € 18.927.381,38 ; € 19.298.670,13 ;2041;  ;  
10;0;190;31-10-2041; € 24.034.770,00 ; € 109.151,21 ;€ 89.389;€ 19.762,61;;; € 100.144,88 ; € 24.034.770,00 ; € 19.027.526,25 ; € 19.198.525,25 ;2041;  ;  
11;0;191;30-11-2041; € 24.034.770,00 ; € 109.151,21 ;€ 89.306;€ 19.844,96;;; € 100.144,88 ; € 24.034.770,00 ; € 19.127.671,13 ; € 19.098.380,38 ;2041;  ;  
12;1;192;31-12-2041; € 24.034.770,00 ; € 109.151,21 ;€ 89.224;€ 19.927,65;€ 233.749; € -   ; € 100.144,88 ; € 24.034.770,00 ; € 19.227.816,00 ; € 18.998.235,50 ;2041; € 1.201.738,50 ; € -   
1;0;193;31-1-2042; € 24.034.770,00 ; € 109.151,21 ;€ 89.141;€ 20.010,68;;; € 100.144,88 ; € 24.034.770,00 ; € 19.327.960,88 ; € 18.898.090,63 ;2042;  ;  
2;0;194;28-2-2042; € 24.034.770,00 ; € 109.151,21 ;€ 89.057;€ 20.094,06;;; € 100.144,88 ; € 24.034.770,00 ; € 19.428.105,75 ; € 18.797.945,75 ;2042;  ;  
3;0;195;31-3-2042; € 24.034.770,00 ; € 109.151,21 ;€ 88.973;€ 20.177,78;;; € 100.144,88 ; € 24.034.770,00 ; € 19.528.250,63 ; € 18.697.800,88 ;2042;  ;  
4;0;196;30-4-2042; € 24.034.770,00 ; € 109.151,21 ;€ 88.889;€ 20.261,85;;; € 100.144,88 ; € 24.034.770,00 ; € 19.628.395,50 ; € 18.597.656,00 ;2042;  ;  
5;0;197;31-5-2042; € 24.034.770,00 ; € 109.151,21 ;€ 88.805;€ 20.346,28;;; € 100.144,88 ; € 24.034.770,00 ; € 19.728.540,38 ; € 18.497.511,13 ;2042;  ;  
6;0;198;30-6-2042; € 24.034.770,00 ; € 109.151,21 ;€ 88.720;€ 20.431,06;;; € 100.144,88 ; € 24.034.770,00 ; € 19.828.685,25 ; € 18.397.366,25 ;2042;  ;  
7;0;199;31-7-2042; € 24.034.770,00 ; € 109.151,21 ;€ 88.635;€ 20.516,18;;; € 100.144,88 ; € 24.034.770,00 ; € 19.928.830,13 ; € 18.297.221,38 ;2042;  ;  
8;0;200;31-8-2042; € 24.034.770,00 ; € 109.151,21 ;€ 88.550;€ 20.601,67;;; € 100.144,88 ; € 24.034.770,00 ; € 20.028.975,00 ; € 18.197.076,50 ;2042;  ;  
9;0;201;30-9-2042; € 24.034.770,00 ; € 109.151,21 ;€ 88.464;€ 20.687,51;;; € 100.144,88 ; € 24.034.770,00 ; € 20.129.119,88 ; € 18.096.931,63 ;2042;  ;  
10;0;202;31-10-2042; € 24.034.770,00 ; € 109.151,21 ;€ 88.378;€ 20.773,71;;; € 100.144,88 ; € 24.034.770,00 ; € 20.229.264,75 ; € 17.996.786,75 ;2042;  ;  
11;0;203;30-11-2042; € 24.034.770,00 ; € 109.151,21 ;€ 88.291;€ 20.860,26;;; € 100.144,88 ; € 24.034.770,00 ; € 20.329.409,63 ; € 17.896.641,88 ;2042;  ;  
12;1;204;31-12-2042; € 24.034.770,00 ; € 109.151,21 ;€ 88.204;€ 20.947,18;€ 245.708; € -   ; € 100.144,88 ; € 24.034.770,00 ; € 20.429.554,50 ; € 17.796.497,00 ;2042; € 1.201.738,50 ; € -   
1;0;205;31-1-2043; € 24.034.770,00 ; € 109.151,21 ;€ 88.117;€ 21.034,46;;; € 100.144,88 ; € 24.034.770,00 ; € 20.529.699,38 ; € 17.696.352,13 ;2043;  ;  
2;0;206;28-2-2043; € 24.034.770,00 ; € 109.151,21 ;€ 88.029;€ 21.122,11;;; € 100.144,88 ; € 24.034.770,00 ; € 20.629.844,25 ; € 17.596.207,25 ;2043;  ;  
3;0;207;31-3-2043; € 24.034.770,00 ; € 109.151,21 ;€ 87.941;€ 21.210,11;;; € 100.144,88 ; € 24.034.770,00 ; € 20.729.989,13 ; € 17.496.062,38 ;2043;  ;  
4;0;208;30-4-2043; € 24.034.770,00 ; € 109.151,21 ;€ 87.853;€ 21.298,49;;; € 100.144,88 ; € 24.034.770,00 ; € 20.830.134,00 ; € 17.395.917,50 ;2043;  ;  
5;0;209;31-5-2043; € 24.034.770,00 ; € 109.151,21 ;€ 87.764;€ 21.387,23;;; € 100.144,88 ; € 24.034.770,00 ; € 20.930.278,88 ; € 17.295.772,63 ;2043;  ;  
6;0;210;30-6-2043; € 24.034.770,00 ; € 109.151,21 ;€ 87.675;€ 21.476,35;;; € 100.144,88 ; € 24.034.770,00 ; € 21.030.423,75 ; € 17.195.627,75 ;2043;  ;  
7;0;211;31-7-2043; € 24.034.770,00 ; € 109.151,21 ;€ 87.585;€ 21.565,83;;; € 100.144,88 ; € 24.034.770,00 ; € 21.130.568,63 ; € 17.095.482,88 ;2043;  ;  
8;0;212;31-8-2043; € 24.034.770,00 ; € 109.151,21 ;€ 87.496;€ 21.655,69;;; € 100.144,88 ; € 24.034.770,00 ; € 21.230.713,50 ; € 16.995.338,00 ;2043;  ;  
9;0;213;30-9-2043; € 24.034.770,00 ; € 109.151,21 ;€ 87.405;€ 21.745,92;;; € 100.144,88 ; € 24.034.770,00 ; € 21.330.858,38 ; € 16.895.193,13 ;2043;  ;  
10;0;214;31-10-2043; € 24.034.770,00 ; € 109.151,21 ;€ 87.315;€ 21.836,53;;; € 100.144,88 ; € 24.034.770,00 ; € 21.431.003,25 ; € 16.795.048,25 ;2043;  ;  
11;0;215;30-11-2043; € 24.034.770,00 ; € 109.151,21 ;€ 87.224;€ 21.927,51;;; € 100.144,88 ; € 24.034.770,00 ; € 21.531.148,13 ; € 16.694.903,38 ;2043;  ;  
12;1;216;31-12-2043; € 24.034.770,00 ; € 109.151,21 ;€ 87.132;€ 22.018,88;€ 258.279; € 250.000,00 ; € 100.144,88 ; € 23.784.770,00 ; € 21.631.293,00 ; € 16.594.758,50 ;2043; € 1.201.738,50 ; € 250.000,00 
1;0;217;31-1-2044; € 23.784.770,00 ; € 109.151,21 ;€ 87.041;€ 22.110,62;;; € 99.103,21 ; € 23.784.770,00 ; € 21.730.396,21 ; € 16.495.655,29 ;2044;  ;  
2;0;218;29-2-2044; € 23.784.770,00 ; € 109.151,21 ;€ 86.948;€ 22.202,75;;; € 99.103,21 ; € 23.784.770,00 ; € 21.829.499,42 ; € 16.396.552,08 ;2044;  ;  
3;0;219;31-3-2044; € 23.784.770,00 ; € 109.151,21 ;€ 86.856;€ 22.295,26;;; € 99.103,21 ; € 23.784.770,00 ; € 21.928.602,63 ; € 16.297.448,88 ;2044;  ;  
4;0;220;30-4-2044; € 23.784.770,00 ; € 109.151,21 ;€ 86.763;€ 22.388,16;;; € 99.103,21 ; € 23.784.770,00 ; € 22.027.705,83 ; € 16.198.345,67 ;2044;  ;  
5;0;221;31-5-2044; € 23.784.770,00 ; € 109.151,21 ;€ 86.670;€ 22.481,44;;; € 99.103,21 ; € 23.784.770,00 ; € 22.126.809,04 ; € 16.099.242,46 ;2044;  ;  
6;0;222;30-6-2044; € 23.784.770,00 ; € 109.151,21 ;€ 86.576;€ 22.575,12;;; € 99.103,21 ; € 23.784.770,00 ; € 22.225.912,25 ; € 16.000.139,25 ;2044;  ;  
7;0;223;31-7-2044; € 23.784.770,00 ; € 109.151,21 ;€ 86.482;€ 22.669,18;;; € 99.103,21 ; € 23.784.770,00 ; € 22.325.015,46 ; € 15.901.036,04 ;2044;  ;  
8;0;224;31-8-2044; € 23.784.770,00 ; € 109.151,21 ;€ 86.388;€ 22.763,64;;; € 99.103,21 ; € 23.784.770,00 ; € 22.424.118,67 ; € 15.801.932,83 ;2044;  ;  
9;0;225;30-9-2044; € 23.784.770,00 ; € 109.151,21 ;€ 86.293;€ 22.858,48;;; € 99.103,21 ; € 23.784.770,00 ; € 22.523.221,88 ; € 15.702.829,63 ;2044;  ;  
10;0;226;31-10-2044; € 23.784.770,00 ; € 109.151,21 ;€ 86.197;€ 22.953,73;;; € 99.103,21 ; € 23.784.770,00 ; € 22.622.325,08 ; € 15.603.726,42 ;2044;  ;  
11;0;227;30-11-2044; € 23.784.770,00 ; € 109.151,21 ;€ 86.102;€ 23.049,37;;; € 99.103,21 ; € 23.784.770,00 ; € 22.721.428,29 ; € 15.504.623,21 ;2044;  ;  
12;1;228;31-12-2044; € 23.784.770,00 ; € 109.151,21 ;€ 86.006;€ 23.145,41;€ 271.493; € 250.000,00 ; € 99.103,21 ; € 23.534.770,00 ; € 22.820.531,50 ; € 15.405.520,00 ;2044; € 1.189.238,50 ; € 250.000,00 
1;0;229;31-1-2045; € 23.534.770,00 ; € 109.151,21 ;€ 85.909;€ 23.241,85;;; € 98.061,54 ; € 23.534.770,00 ; € 22.918.593,04 ; € 15.307.458,46 ;2045;  ;  
2;0;230;28-2-2045; € 23.534.770,00 ; € 109.151,21 ;€ 85.813;€ 23.338,69;;; € 98.061,54 ; € 23.534.770,00 ; € 23.016.654,58 ; € 15.209.396,92 ;2045;  ;  
3;0;231;31-3-2045; € 23.534.770,00 ; € 109.151,21 ;€ 85.715;€ 23.435,93;;; € 98.061,54 ; € 23.534.770,00 ; € 23.114.716,13 ; € 15.111.335,38 ;2045;  ;  
4;0;232;30-4-2045; € 23.534.770,00 ; € 109.151,21 ;€ 85.618;€ 23.533,58;;; € 98.061,54 ; € 23.534.770,00 ; € 23.212.777,67 ; € 15.013.273,83 ;2045;  ;  
5;0;233;31-5-2045; € 23.534.770,00 ; € 109.151,21 ;€ 85.520;€ 23.631,64;;; € 98.061,54 ; € 23.534.770,00 ; € 23.310.839,21 ; € 14.915.212,29 ;2045;  ;  
6;0;234;30-6-2045; € 23.534.770,00 ; € 109.151,21 ;€ 85.421;€ 23.730,10;;; € 98.061,54 ; € 23.534.770,00 ; € 23.408.900,75 ; € 14.817.150,75 ;2045;  ;  
7;0;235;31-7-2045; € 23.534.770,00 ; € 109.151,21 ;€ 85.322;€ 23.828,98;;; € 98.061,54 ; € 23.534.770,00 ; € 23.506.962,29 ; € 14.719.089,21 ;2045;  ;  
8;0;236;31-8-2045; € 23.534.770,00 ; € 109.151,21 ;€ 85.223;€ 23.928,27;;; € 98.061,54 ; € 23.534.770,00 ; € 23.605.023,83 ; € 14.621.027,67 ;2045;  ;  
9;0;237;30-9-2045; € 23.534.770,00 ; € 109.151,21 ;€ 85.123;€ 24.027,97;;; € 98.061,54 ; € 23.534.770,00 ; € 23.703.085,38 ; € 14.522.966,13 ;2045;  ;  
10;0;238;31-10-2045; € 23.534.770,00 ; € 109.151,21 ;€ 85.023;€ 24.128,08;;; € 98.061,54 ; € 23.534.770,00 ; € 23.801.146,92 ; € 14.424.904,58 ;2045;  ;  
11;0;239;30-11-2045; € 23.534.770,00 ; € 109.151,21 ;€ 84.923;€ 24.228,62;;; € 98.061,54 ; € 23.534.770,00 ; € 23.899.208,46 ; € 14.326.843,04 ;2045;  ;  
12;1;240;31-12-2045; € 23.534.770,00 ; € 109.151,21 ;€ 84.822;€ 24.329,57;€ 285.383; € 250.000,00 ; € 98.061,54 ; € 23.284.770,00 ; € 23.997.270,00 ; € 14.228.781,50 ;2045; € 1.176.738,50 ; € 250.000,00 
1;0;241;31-1-2046; € 23.284.770,00 ; € 109.151,21 ;€ 84.720;€ 24.430,94;;; € 97.019,88 ; € 23.284.770,00 ; € 24.094.289,88 ; € 14.131.761,63 ;2046;  ;  
2;0;242;28-2-2046; € 23.284.770,00 ; € 109.151,21 ;€ 84.618;€ 24.532,74;;; € 97.019,88 ; € 23.284.770,00 ; € 24.191.309,75 ; € 14.034.741,75 ;2046;  ;  
3;0;243;31-3-2046; € 23.284.770,00 ; € 109.151,21 ;€ 84.516;€ 24.634,96;;; € 97.019,88 ; € 23.284.770,00 ; € 24.288.329,63 ; € 13.937.721,88 ;2046;  ;  
4;0;244;30-4-2046; € 23.284.770,00 ; € 109.151,21 ;€ 84.414;€ 24.737,60;;; € 97.019,88 ; € 23.284.770,00 ; € 24.385.349,50 ; € 13.840.702,00 ;2046;  ;  
5;0;245;31-5-2046; € 23.284.770,00 ; € 109.151,21 ;€ 84.311;€ 24.840,68;;; € 97.019,88 ; € 23.284.770,00 ; € 24.482.369,38 ; € 13.743.682,13 ;2046;  ;  
6;0;246;30-6-2046; € 23.284.770,00 ; € 109.151,21 ;€ 84.207;€ 24.944,18;;; € 97.019,88 ; € 23.284.770,00 ; € 24.579.389,25 ; € 13.646.662,25 ;2046;  ;  
7;0;247;31-7-2046; € 23.284.770,00 ; € 109.151,21 ;€ 84.103;€ 25.048,11;;; € 97.019,88 ; € 23.284.770,00 ; € 24.676.409,13 ; € 13.549.642,38 ;2046;  ;  
8;0;248;31-8-2046; € 23.284.770,00 ; € 109.151,21 ;€ 83.999;€ 25.152,48;;; € 97.019,88 ; € 23.284.770,00 ; € 24.773.429,00 ; € 13.452.622,50 ;2046;  ;  
9;0;249;30-9-2046; € 23.284.770,00 ; € 109.151,21 ;€ 83.894;€ 25.257,28;;; € 97.019,88 ; € 23.284.770,00 ; € 24.870.448,88 ; € 13.355.602,63 ;2046;  ;  
10;0;250;31-10-2046; € 23.284.770,00 ; € 109.151,21 ;€ 83.789;€ 25.362,52;;; € 97.019,88 ; € 23.284.770,00 ; € 24.967.468,75 ; € 13.258.582,75 ;2046;  ;  
11;0;251;30-11-2046; € 23.284.770,00 ; € 109.151,21 ;€ 83.683;€ 25.468,20;;; € 97.019,88 ; € 23.284.770,00 ; € 25.064.488,63 ; € 13.161.562,88 ;2046;  ;  
12;1;252;31-12-2046; € 23.284.770,00 ; € 109.151,21 ;€ 83.577;€ 25.574,32;€ 299.984; € 500.000,00 ; € 97.019,88 ; € 22.784.770,00 ; € 25.161.508,50 ; € 13.064.543,00 ;2046; € 1.164.238,50 ; € 500.000,00 
1;0;253;31-1-2047; € 22.784.770,00 ; € 109.151,21 ;€ 83.470;€ 25.680,88;;; € 94.936,54 ; € 22.784.770,00 ; € 25.256.445,04 ; € 12.969.606,46 ;2047;  ;  
2;0;254;28-2-2047; € 22.784.770,00 ; € 109.151,21 ;€ 83.363;€ 25.787,88;;; € 94.936,54 ; € 22.784.770,00 ; € 25.351.381,58 ; € 12.874.669,92 ;2047;  ;  
3;0;255;31-3-2047; € 22.784.770,00 ; € 109.151,21 ;€ 83.256;€ 25.895,33;;; € 94.936,54 ; € 22.784.770,00 ; € 25.446.318,13 ; € 12.779.733,38 ;2047;  ;  
4;0;256;30-4-2047; € 22.784.770,00 ; € 109.151,21 ;€ 83.148;€ 26.003,23;;; € 94.936,54 ; € 22.784.770,00 ; € 25.541.254,67 ; € 12.684.796,83 ;2047;  ;  
5;0;257;31-5-2047; € 22.784.770,00 ; € 109.151,21 ;€ 83.040;€ 26.111,57;;; € 94.936,54 ; € 22.784.770,00 ; € 25.636.191,21 ; € 12.589.860,29 ;2047;  ;  
6;0;258;30-6-2047; € 22.784.770,00 ; € 109.151,21 ;€ 82.931;€ 26.220,37;;; € 94.936,54 ; € 22.784.770,00 ; € 25.731.127,75 ; € 12.494.923,75 ;2047;  ;  
7;0;259;31-7-2047; € 22.784.770,00 ; € 109.151,21 ;€ 82.822;€ 26.329,62;;; € 94.936,54 ; € 22.784.770,00 ; € 25.826.064,29 ; € 12.399.987,21 ;2047;  ;  
8;0;260;31-8-2047; € 22.784.770,00 ; € 109.151,21 ;€ 82.712;€ 26.439,33;;; € 94.936,54 ; € 22.784.770,00 ; € 25.921.000,83 ; € 12.305.050,67 ;2047;  ;  
9;0;261;30-9-2047; € 22.784.770,00 ; € 109.151,21 ;€ 82.602;€ 26.549,49;;; € 94.936,54 ; € 22.784.770,00 ; € 26.015.937,38 ; € 12.210.114,13 ;2047;  ;  
10;0;262;31-10-2047; € 22.784.770,00 ; € 109.151,21 ;€ 82.491;€ 26.660,12;;; € 94.936,54 ; € 22.784.770,00 ; € 26.110.873,92 ; € 12.115.177,58 ;2047;  ;  
11;0;263;30-11-2047; € 22.784.770,00 ; € 109.151,21 ;€ 82.380;€ 26.771,20;;; € 94.936,54 ; € 22.784.770,00 ; € 26.205.810,46 ; € 12.020.241,04 ;2047;  ;  
12;1;264;31-12-2047; € 22.784.770,00 ; € 109.151,21 ;€ 82.268;€ 26.882,75;€ 315.332; € 750.000,00 ; € 94.936,54 ; € 22.034.770,00 ; € 26.300.747,00 ; € 11.925.304,50 ;2047; € 1.139.238,50 ; € 750.000,00 
1;0;265;31-1-2048; € 22.034.770,00 ; € 109.151,21 ;€ 82.156;€ 26.994,76;;; € 91.811,54 ; € 22.034.770,00 ; € 26.392.558,54 ; € 11.833.492,96 ;2048;  ;  
2;0;266;29-2-2048; € 22.034.770,00 ; € 109.151,21 ;€ 82.044;€ 27.107,24;;; € 91.811,54 ; € 22.034.770,00 ; € 26.484.370,08 ; € 11.741.681,42 ;2048;  ;  
3;0;267;31-3-2048; € 22.034.770,00 ; € 109.151,21 ;€ 81.931;€ 27.220,18;;; € 91.811,54 ; € 22.034.770,00 ; € 26.576.181,63 ; € 11.649.869,88 ;2048;  ;  
4;0;268;30-4-2048; € 22.034.770,00 ; € 109.151,21 ;€ 81.818;€ 27.333,60;;; € 91.811,54 ; € 22.034.770,00 ; € 26.667.993,17 ; € 11.558.058,33 ;2048;  ;  
5;0;269;31-5-2048; € 22.034.770,00 ; € 109.151,21 ;€ 81.704;€ 27.447,49;;; € 91.811,54 ; € 22.034.770,00 ; € 26.759.804,71 ; € 11.466.246,79 ;2048;  ;  
6;0;270;30-6-2048; € 22.034.770,00 ; € 109.151,21 ;€ 81.589;€ 27.561,86;;; € 91.811,54 ; € 22.034.770,00 ; € 26.851.616,25 ; € 11.374.435,25 ;2048;  ;  
7;0;271;31-7-2048; € 22.034.770,00 ; € 109.151,21 ;€ 81.475;€ 27.676,70;;; € 91.811,54 ; € 22.034.770,00 ; € 26.943.427,79 ; € 11.282.623,71 ;2048;  ;  
8;0;272;31-8-2048; € 22.034.770,00 ; € 109.151,21 ;€ 81.359;€ 27.792,02;;; € 91.811,54 ; € 22.034.770,00 ; € 27.035.239,33 ; € 11.190.812,17 ;2048;  ;  
9;0;273;30-9-2048; € 22.034.770,00 ; € 109.151,21 ;€ 81.243;€ 27.907,82;;; € 91.811,54 ; € 22.034.770,00 ; € 27.127.050,88 ; € 11.099.000,63 ;2048;  ;  
10;0;274;31-10-2048; € 22.034.770,00 ; € 109.151,21 ;€ 81.127;€ 28.024,10;;; € 91.811,54 ; € 22.034.770,00 ; € 27.218.862,42 ; € 11.007.189,08 ;2048;  ;  
11;0;275;30-11-2048; € 22.034.770,00 ; € 109.151,21 ;€ 81.010;€ 28.140,87;;; € 91.811,54 ; € 22.034.770,00 ; € 27.310.673,96 ; € 10.915.377,54 ;2048;  ;  
12;1;276;31-12-2048; € 22.034.770,00 ; € 109.151,21 ;€ 80.893;€ 28.258,12;€ 331.465; € 750.000,00 ; € 91.811,54 ; € 21.284.770,00 ; € 27.402.485,50 ; € 10.823.566,00 ;2048; € 1.101.738,50 ; € 750.000,00 
1;0;277;31-1-2049; € 21.284.770,00 ; € 109.151,21 ;€ 80.775;€ 28.375,86;;; € 88.686,54 ; € 21.284.770,00 ; € 27.491.172,04 ; € 10.734.879,46 ;2049;  ;  
2;0;278;28-2-2049; € 21.284.770,00 ; € 109.151,21 ;€ 80.657;€ 28.494,10;;; € 88.686,54 ; € 21.284.770,00 ; € 27.579.858,58 ; € 10.646.192,92 ;2049;  ;  
3;0;279;31-3-2049; € 21.284.770,00 ; € 109.151,21 ;€ 80.538;€ 28.612,82;;; € 88.686,54 ; € 21.284.770,00 ; € 27.668.545,13 ; € 10.557.506,38 ;2049;  ;  
4;0;280;30-4-2049; € 21.284.770,00 ; € 109.151,21 ;€ 80.419;€ 28.732,04;;; € 88.686,54 ; € 21.284.770,00 ; € 27.757.231,67 ; € 10.468.819,83 ;2049;  ;  
5;0;281;31-5-2049; € 21.284.770,00 ; € 109.151,21 ;€ 80.299;€ 28.851,76;;; € 88.686,54 ; € 21.284.770,00 ; € 27.845.918,21 ; € 10.380.133,29 ;2049;  ;  
6;0;282;30-6-2049; € 21.284.770,00 ; € 109.151,21 ;€ 80.179;€ 28.971,97;;; € 88.686,54 ; € 21.284.770,00 ; € 27.934.604,75 ; € 10.291.446,75 ;2049;  ;  
7;0;283;31-7-2049; € 21.284.770,00 ; € 109.151,21 ;€ 80.059;€ 29.092,69;;; € 88.686,54 ; € 21.284.770,00 ; € 28.023.291,29 ; € 10.202.760,21 ;2049;  ;  
8;0;284;31-8-2049; € 21.284.770,00 ; € 109.151,21 ;€ 79.937;€ 29.213,91;;; € 88.686,54 ; € 21.284.770,00 ; € 28.111.977,83 ; € 10.114.073,67 ;2049;  ;  
9;0;285;30-9-2049; € 21.284.770,00 ; € 109.151,21 ;€ 79.816;€ 29.335,63;;; € 88.686,54 ; € 21.284.770,00 ; € 28.200.664,38 ; € 10.025.387,13 ;2049;  ;  
10;0;286;31-10-2049; € 21.284.770,00 ; € 109.151,21 ;€ 79.693;€ 29.457,87;;; € 88.686,54 ; € 21.284.770,00 ; € 28.289.350,92 ; € 9.936.700,58 ;2049;  ;  
11;0;287;30-11-2049; € 21.284.770,00 ; € 109.151,21 ;€ 79.571;€ 29.580,61;;; € 88.686,54 ; € 21.284.770,00 ; € 28.378.037,46 ; € 9.848.014,04 ;2049;  ;  
12;1;288;31-12-2049; € 21.284.770,00 ; € 109.151,21 ;€ 79.447;€ 29.703,86;€ 348.423; € 500.000,00 ; € 88.686,54 ; € 20.784.770,00 ; € 28.466.724,00 ; € 9.759.327,50 ;2049; € 1.064.238,50 ; € 500.000,00 
1;0;289;31-1-2050; € 20.784.770,00 ; € 109.151,21 ;€ 79.324;€ 29.827,63;;; € 86.603,21 ; € 20.784.770,00 ; € 28.553.327,21 ; € 9.672.724,29 ;2050;  ;  
2;0;290;28-2-2050; € 20.784.770,00 ; € 109.151,21 ;€ 79.199;€ 29.951,91;;; € 86.603,21 ; € 20.784.770,00 ; € 28.639.930,42 ; € 9.586.121,08 ;2050;  ;  
3;0;291;31-3-2050; € 20.784.770,00 ; € 109.151,21 ;€ 79.075;€ 30.076,71;;; € 86.603,21 ; € 20.784.770,00 ; € 28.726.533,63 ; € 9.499.517,88 ;2050;  ;  
4;0;292;30-4-2050; € 20.784.770,00 ; € 109.151,21 ;€ 78.949;€ 30.202,03;;; € 86.603,21 ; € 20.784.770,00 ; € 28.813.136,83 ; € 9.412.914,67 ;2050;  ;  
5;0;293;31-5-2050; € 20.784.770,00 ; € 109.151,21 ;€ 78.823;€ 30.327,87;;; € 86.603,21 ; € 20.784.770,00 ; € 28.899.740,04 ; € 9.326.311,46 ;2050;  ;  
6;0;294;30-6-2050; € 20.784.770,00 ; € 109.151,21 ;€ 78.697;€ 30.454,23;;; € 86.603,21 ; € 20.784.770,00 ; € 28.986.343,25 ; € 9.239.708,25 ;2050;  ;  
7;0;295;31-7-2050; € 20.784.770,00 ; € 109.151,21 ;€ 78.570;€ 30.581,13;;; € 86.603,21 ; € 20.784.770,00 ; € 29.072.946,46 ; € 9.153.105,04 ;2050;  ;  
8;0;296;31-8-2050; € 20.784.770,00 ; € 109.151,21 ;€ 78.443;€ 30.708,55;;; € 86.603,21 ; € 20.784.770,00 ; € 29.159.549,67 ; € 9.066.501,83 ;2050;  ;  
9;0;297;30-9-2050; € 20.784.770,00 ; € 109.151,21 ;€ 78.315;€ 30.836,50;;; € 86.603,21 ; € 20.784.770,00 ; € 29.246.152,88 ; € 8.979.898,63 ;2050;  ;  
10;0;298;31-10-2050; € 20.784.770,00 ; € 109.151,21 ;€ 78.186;€ 30.964,99;;; € 86.603,21 ; € 20.784.770,00 ; € 29.332.756,08 ; € 8.893.295,42 ;2050;  ;  
11;0;299;30-11-2050; € 20.784.770,00 ; € 109.151,21 ;€ 78.057;€ 31.094,01;;; € 86.603,21 ; € 20.784.770,00 ; € 29.419.359,29 ; € 8.806.692,21 ;2050;  ;  
12;1;300;31-12-2050; € 20.784.770,00 ; € 109.151,21 ;€ 77.928;€ 31.223,57;€ 366.249; € 750.000,00 ; € 86.603,21 ; € 20.034.770,00 ; € 29.505.962,50 ; € 8.720.089,00 ;2050; € 1.039.238,50 ; € 750.000,00 
1;0;301;31-1-2051; € 20.034.770,00 ; € 109.151,21 ;€ 77.798;€ 31.353,66;;; € 83.478,21 ; € 20.034.770,00 ; € 29.589.440,71 ; € 8.636.610,79 ;2051;  ;  
2;0;302;28-2-2051; € 20.034.770,00 ; € 109.151,21 ;€ 77.667;€ 31.484,30;;; € 83.478,21 ; € 20.034.770,00 ; € 29.672.918,92 ; € 8.553.132,58 ;2051;  ;  
3;0;303;31-3-2051; € 20.034.770,00 ; € 109.151,21 ;€ 77.536;€ 31.615,49;;; € 83.478,21 ; € 20.034.770,00 ; € 29.756.397,13 ; € 8.469.654,37 ;2051;  ;  
4;0;304;30-4-2051; € 20.034.770,00 ; € 109.151,21 ;€ 77.404;€ 31.747,22;;; € 83.478,21 ; € 20.034.770,00 ; € 29.839.875,33 ; € 8.386.176,17 ;2051;  ;  
5;0;305;31-5-2051; € 20.034.770,00 ; € 109.151,21 ;€ 77.272;€ 31.879,50;;; € 83.478,21 ; € 20.034.770,00 ; € 29.923.353,54 ; € 8.302.697,96 ;2051;  ;  
6;0;306;30-6-2051; € 20.034.770,00 ; € 109.151,21 ;€ 77.139;€ 32.012,33;;; € 83.478,21 ; € 20.034.770,00 ; € 30.006.831,75 ; € 8.219.219,75 ;2051;  ;  
7;0;307;31-7-2051; € 20.034.770,00 ; € 109.151,21 ;€ 77.005;€ 32.145,72;;; € 83.478,21 ; € 20.034.770,00 ; € 30.090.309,96 ; € 8.135.741,54 ;2051;  ;  
8;0;308;31-8-2051; € 20.034.770,00 ; € 109.151,21 ;€ 76.872;€ 32.279,66;;; € 83.478,21 ; € 20.034.770,00 ; € 30.173.788,17 ; € 8.052.263,33 ;2051;  ;  
9;0;309;30-9-2051; € 20.034.770,00 ; € 109.151,21 ;€ 76.737;€ 32.414,15;;; € 83.478,21 ; € 20.034.770,00 ; € 30.257.266,38 ; € 7.968.785,13 ;2051;  ;  
10;0;310;31-10-2051; € 20.034.770,00 ; € 109.151,21 ;€ 76.602;€ 32.549,21;;; € 83.478,21 ; € 20.034.770,00 ; € 30.340.744,58 ; € 7.885.306,92 ;2051;  ;  
11;0;311;30-11-2051; € 20.034.770,00 ; € 109.151,21 ;€ 76.466;€ 32.684,84;;; € 83.478,21 ; € 20.034.770,00 ; € 30.424.222,79 ; € 7.801.828,71 ;2051;  ;  
12;1;312;31-12-2051; € 20.034.770,00 ; € 109.151,21 ;€ 76.330;€ 32.821,02;€ 384.987; € 750.000,00 ; € 83.478,21 ; € 19.284.770,00 ; € 30.507.701,00 ; € 7.718.350,50 ;2051; € 1.001.738,50 ; € 750.000,00 
1;0;313;31-1-2052; € 19.284.770,00 ; € 109.151,21 ;€ 76.193;€ 32.957,78;;; € 80.353,21 ; € 19.284.770,00 ; € 30.588.054,21 ; € 7.637.997,29 ;2052;  ;  
2;0;314;29-2-2052; € 19.284.770,00 ; € 109.151,21 ;€ 76.056;€ 33.095,10;;; € 80.353,21 ; € 19.284.770,00 ; € 30.668.407,42 ; € 7.557.644,08 ;2052;  ;  
3;0;315;31-3-2052; € 19.284.770,00 ; € 109.151,21 ;€ 75.918;€ 33.233,00;;; € 80.353,21 ; € 19.284.770,00 ; € 30.748.760,63 ; € 7.477.290,88 ;2052;  ;  
4;0;316;30-4-2052; € 19.284.770,00 ; € 109.151,21 ;€ 75.780;€ 33.371,47;;; € 80.353,21 ; € 19.284.770,00 ; € 30.829.113,83 ; € 7.396.937,67 ;2052;  ;  
5;0;317;31-5-2052; € 19.284.770,00 ; € 109.151,21 ;€ 75.641;€ 33.510,52;;; € 80.353,21 ; € 19.284.770,00 ; € 30.909.467,04 ; € 7.316.584,46 ;2052;  ;  
6;0;318;30-6-2052; € 19.284.770,00 ; € 109.151,21 ;€ 75.501;€ 33.650,14;;; € 80.353,21 ; € 19.284.770,00 ; € 30.989.820,25 ; € 7.236.231,25 ;2052;  ;  
7;0;319;31-7-2052; € 19.284.770,00 ; € 109.151,21 ;€ 75.361;€ 33.790,35;;; € 80.353,21 ; € 19.284.770,00 ; € 31.070.173,46 ; € 7.155.878,04 ;2052;  ;  
8;0;320;31-8-2052; € 19.284.770,00 ; € 109.151,21 ;€ 75.220;€ 33.931,14;;; € 80.353,21 ; € 19.284.770,00 ; € 31.150.526,67 ; € 7.075.524,83 ;2052;  ;  
9;0;321;30-9-2052; € 19.284.770,00 ; € 109.151,21 ;€ 75.079;€ 34.072,52;;; € 80.353,21 ; € 19.284.770,00 ; € 31.230.879,88 ; € 6.995.171,63 ;2052;  ;  
10;0;322;31-10-2052; € 19.284.770,00 ; € 109.151,21 ;€ 74.937;€ 34.214,49;;; € 80.353,21 ; € 19.284.770,00 ; € 31.311.233,08 ; € 6.914.818,42 ;2052;  ;  
11;0;323;30-11-2052; € 19.284.770,00 ; € 109.151,21 ;€ 74.794;€ 34.357,05;;; € 80.353,21 ; € 19.284.770,00 ; € 31.391.586,29 ; € 6.834.465,21 ;2052;  ;  
12;1;324;31-12-2052; € 19.284.770,00 ; € 109.151,21 ;€ 74.651;€ 34.500,21;€ 404.684; € 750.000,00 ; € 80.353,21 ; € 18.534.770,00 ; € 31.471.939,50 ; € 6.754.112,00 ;2052; € 964.238,50 ; € 750.000,00 
1;0;325;31-1-2053; € 18.534.770,00 ; € 109.151,21 ;€ 74.507;€ 34.643,96;;; € 77.228,21 ; € 18.534.770,00 ; € 31.549.167,71 ; € 6.676.883,79 ;2053;  ;  
2;0;326;28-2-2053; € 18.534.770,00 ; € 109.151,21 ;€ 74.363;€ 34.788,31;;; € 77.228,21 ; € 18.534.770,00 ; € 31.626.395,92 ; € 6.599.655,58 ;2053;  ;  
3;0;327;31-3-2053; € 18.534.770,00 ; € 109.151,21 ;€ 74.218;€ 34.933,26;;; € 77.228,21 ; € 18.534.770,00 ; € 31.703.624,13 ; € 6.522.427,38 ;2053;  ;  
4;0;328;30-4-2053; € 18.534.770,00 ; € 109.151,21 ;€ 74.072;€ 35.078,81;;; € 77.228,21 ; € 18.534.770,00 ; € 31.780.852,33 ; € 6.445.199,17 ;2053;  ;  
5;0;329;31-5-2053; € 18.534.770,00 ; € 109.151,21 ;€ 73.926;€ 35.224,98;;; € 77.228,21 ; € 18.534.770,00 ; € 31.858.080,54 ; € 6.367.970,96 ;2053;  ;  
6;0;330;30-6-2053; € 18.534.770,00 ; € 109.151,21 ;€ 73.779;€ 35.371,75;;; € 77.228,21 ; € 18.534.770,00 ; € 31.935.308,75 ; € 6.290.742,75 ;2053;  ;  
7;0;331;31-7-2053; € 18.534.770,00 ; € 109.151,21 ;€ 73.632;€ 35.519,13;;; € 77.228,21 ; € 18.534.770,00 ; € 32.012.536,96 ; € 6.213.514,54 ;2053;  ;  
8;0;332;31-8-2053; € 18.534.770,00 ; € 109.151,21 ;€ 73.484;€ 35.667,13;;; € 77.228,21 ; € 18.534.770,00 ; € 32.089.765,17 ; € 6.136.286,33 ;2053;  ;  
9;0;333;30-9-2053; € 18.534.770,00 ; € 109.151,21 ;€ 73.335;€ 35.815,74;;; € 77.228,21 ; € 18.534.770,00 ; € 32.166.993,38 ; € 6.059.058,13 ;2053;  ;  
10;0;334;31-10-2053; € 18.534.770,00 ; € 109.151,21 ;€ 73.186;€ 35.964,97;;; € 77.228,21 ; € 18.534.770,00 ; € 32.244.221,58 ; € 5.981.829,92 ;2053;  ;  
11;0;335;30-11-2053; € 18.534.770,00 ; € 109.151,21 ;€ 73.036;€ 36.114,83;;; € 77.228,21 ; € 18.534.770,00 ; € 32.321.449,79 ; € 5.904.601,71 ;2053;  ;  
12;1;336;31-12-2053; € 18.534.770,00 ; € 109.151,21 ;€ 72.886;€ 36.265,30;€ 425.388; € 750.000,00 ; € 77.228,21 ; € 17.784.770,00 ; € 32.398.678,00 ; € 5.827.373,50 ;2053; € 926.738,50 ; € 750.000,00 
1;0;337;31-1-2054; € 17.784.770,00 ; € 109.151,21 ;€ 72.735;€ 36.416,41;;; € 74.103,21 ; € 17.784.770,00 ; € 32.472.781,21 ; € 5.753.270,29 ;2054;  ;  
2;0;338;28-2-2054; € 17.784.770,00 ; € 109.151,21 ;€ 72.583;€ 36.568,14;;; € 74.103,21 ; € 17.784.770,00 ; € 32.546.884,42 ; € 5.679.167,08 ;2054;  ;  
3;0;339;31-3-2054; € 17.784.770,00 ; € 109.151,21 ;€ 72.431;€ 36.720,51;;; € 74.103,21 ; € 17.784.770,00 ; € 32.620.987,63 ; € 5.605.063,88 ;2054;  ;  
4;0;340;30-4-2054; € 17.784.770,00 ; € 109.151,21 ;€ 72.278;€ 36.873,51;;; € 74.103,21 ; € 17.784.770,00 ; € 32.695.090,83 ; € 5.530.960,67 ;2054;  ;  
5;0;341;31-5-2054; € 17.784.770,00 ; € 109.151,21 ;€ 72.124;€ 37.027,15;;; € 74.103,21 ; € 17.784.770,00 ; € 32.769.194,04 ; € 5.456.857,46 ;2054;  ;  
6;0;342;30-6-2054; € 17.784.770,00 ; € 109.151,21 ;€ 71.970;€ 37.181,43;;; € 74.103,21 ; € 17.784.770,00 ; € 32.843.297,25 ; € 5.382.754,25 ;2054;  ;  
7;0;343;31-7-2054; € 17.784.770,00 ; € 109.151,21 ;€ 71.815;€ 37.336,36;;; € 74.103,21 ; € 17.784.770,00 ; € 32.917.400,46 ; € 5.308.651,04 ;2054;  ;  
8;0;344;31-8-2054; € 17.784.770,00 ; € 109.151,21 ;€ 71.659;€ 37.491,92;;; € 74.103,21 ; € 17.784.770,00 ; € 32.991.503,67 ; € 5.234.547,83 ;2054;  ;  
9;0;345;30-9-2054; € 17.784.770,00 ; € 109.151,21 ;€ 71.503;€ 37.648,14;;; € 74.103,21 ; € 17.784.770,00 ; € 33.065.606,88 ; € 5.160.444,63 ;2054;  ;  
10;0;346;31-10-2054; € 17.784.770,00 ; € 109.151,21 ;€ 71.346;€ 37.805,01;;; € 74.103,21 ; € 17.784.770,00 ; € 33.139.710,08 ; € 5.086.341,42 ;2054;  ;  
11;0;347;30-11-2054; € 17.784.770,00 ; € 109.151,21 ;€ 71.189;€ 37.962,53;;; € 74.103,21 ; € 17.784.770,00 ; € 33.213.813,29 ; € 5.012.238,21 ;2054;  ;  
12;1;348;31-12-2054; € 17.784.770,00 ; € 109.151,21 ;€ 71.031;€ 38.120,71;€ 447.152; € 1.000.000,00 ; € 74.103,21 ; € 16.784.770,00 ; € 33.287.916,50 ; € 4.938.135,00 ;2054; € 889.238,50 ; € 1.000.000,00 
1;0;349;31-1-2055; € 16.784.770,00 ; € 109.151,21 ;€ 70.872;€ 38.279,54;;; € 69.936,54 ; € 16.784.770,00 ; € 33.357.853,04 ; € 4.868.198,46 ;2055;  ;  
2;0;350;28-2-2055; € 16.784.770,00 ; € 109.151,21 ;€ 70.712;€ 38.439,04;;; € 69.936,54 ; € 16.784.770,00 ; € 33.427.789,58 ; € 4.798.261,92 ;2055;  ;  
3;0;351;31-3-2055; € 16.784.770,00 ; € 109.151,21 ;€ 70.552;€ 38.599,20;;; € 69.936,54 ; € 16.784.770,00 ; € 33.497.726,13 ; € 4.728.325,38 ;2055;  ;  
4;0;352;30-4-2055; € 16.784.770,00 ; € 109.151,21 ;€ 70.391;€ 38.760,03;;; € 69.936,54 ; € 16.784.770,00 ; € 33.567.662,67 ; € 4.658.388,83 ;2055;  ;  
5;0;353;31-5-2055; € 16.784.770,00 ; € 109.151,21 ;€ 70.230;€ 38.921,53;;; € 69.936,54 ; € 16.784.770,00 ; € 33.637.599,21 ; € 4.588.452,29 ;2055;  ;  
6;0;354;30-6-2055; € 16.784.770,00 ; € 109.151,21 ;€ 70.068;€ 39.083,71;;; € 69.936,54 ; € 16.784.770,00 ; € 33.707.535,75 ; € 4.518.515,75 ;2055;  ;  
7;0;355;31-7-2055; € 16.784.770,00 ; € 109.151,21 ;€ 69.905;€ 39.246,55;;; € 69.936,54 ; € 16.784.770,00 ; € 33.777.472,29 ; € 4.448.579,21 ;2055;  ;  
8;0;356;31-8-2055; € 16.784.770,00 ; € 109.151,21 ;€ 69.741;€ 39.410,08;;; € 69.936,54 ; € 16.784.770,00 ; € 33.847.408,83 ; € 4.378.642,67 ;2055;  ;  
9;0;357;30-9-2055; € 16.784.770,00 ; € 109.151,21 ;€ 69.577;€ 39.574,29;;; € 69.936,54 ; € 16.784.770,00 ; € 33.917.345,38 ; € 4.308.706,13 ;2055;  ;  
10;0;358;31-10-2055; € 16.784.770,00 ; € 109.151,21 ;€ 69.412;€ 39.739,18;;; € 69.936,54 ; € 16.784.770,00 ; € 33.987.281,92 ; € 4.238.769,58 ;2055;  ;  
11;0;359;30-11-2055; € 16.784.770,00 ; € 109.151,21 ;€ 69.246;€ 39.904,76;;; € 69.936,54 ; € 16.784.770,00 ; € 34.057.218,46 ; € 4.168.833,04 ;2055;  ;  
12;1;360;31-12-2055; € 16.784.770,00 ; € 109.151,21 ;€ 69.080;€ 40.071,03;€ 470.029; € 1.000.000,00 ; € 69.936,54 ; € 15.784.770,00 ; € 34.127.155,00 ; € 4.098.896,50 ;2055; € 839.238,50 ; € 1.000.000,00 
1;0;361;31-1-2056; € 15.784.770,00 ; € 109.151,21 ;€ 68.913;€ 40.238,00;;; € 65.769,88 ; € 15.784.770,00 ; € 34.192.924,88 ; € 4.033.126,63 ;2056;  ;  
2;0;362;29-2-2056; € 15.784.770,00 ; € 109.151,21 ;€ 68.746;€ 40.405,65;;; € 65.769,88 ; € 15.784.770,00 ; € 34.258.694,75 ; € 3.967.356,75 ;2056;  ;  
3;0;363;31-3-2056; € 15.784.770,00 ; € 109.151,21 ;€ 68.577;€ 40.574,01;;; € 65.769,88 ; € 15.784.770,00 ; € 34.324.464,63 ; € 3.901.586,88 ;2056;  ;  
4;0;364;30-4-2056; € 15.784.770,00 ; € 109.151,21 ;€ 68.408;€ 40.743,07;;; € 65.769,88 ; € 15.784.770,00 ; € 34.390.234,50 ; € 3.835.817,00 ;2056;  ;  
5;0;365;31-5-2056; € 15.784.770,00 ; € 109.151,21 ;€ 68.238;€ 40.912,83;;; € 65.769,88 ; € 15.784.770,00 ; € 34.456.004,38 ; € 3.770.047,13 ;2056;  ;  
6;0;366;30-6-2056; € 15.784.770,00 ; € 109.151,21 ;€ 68.068;€ 41.083,30;;; € 65.769,88 ; € 15.784.770,00 ; € 34.521.774,25 ; € 3.704.277,25 ;2056;  ;  
7;0;367;31-7-2056; € 15.784.770,00 ; € 109.151,21 ;€ 67.897;€ 41.254,48;;; € 65.769,88 ; € 15.784.770,00 ; € 34.587.544,13 ; € 3.638.507,38 ;2056;  ;  
8;0;368;31-8-2056; € 15.784.770,00 ; € 109.151,21 ;€ 67.725;€ 41.426,38;;; € 65.769,88 ; € 15.784.770,00 ; € 34.653.314,00 ; € 3.572.737,50 ;2056;  ;  
9;0;369;30-9-2056; € 15.784.770,00 ; € 109.151,21 ;€ 67.552;€ 41.598,99;;; € 65.769,88 ; € 15.784.770,00 ; € 34.719.083,88 ; € 3.506.967,63 ;2056;  ;  
10;0;370;31-10-2056; € 15.784.770,00 ; € 109.151,21 ;€ 67.379;€ 41.772,32;;; € 65.769,88 ; € 15.784.770,00 ; € 34.784.853,75 ; € 3.441.197,75 ;2056;  ;  
11;0;371;30-11-2056; € 15.784.770,00 ; € 109.151,21 ;€ 67.205;€ 41.946,37;;; € 65.769,88 ; € 15.784.770,00 ; € 34.850.623,63 ; € 3.375.427,88 ;2056;  ;  
12;1;372;31-12-2056; € 15.784.770,00 ; € 109.151,21 ;€ 67.030;€ 42.121,14;€ 494.077; € 1.750.000,00 ; € 65.769,88 ; € 14.034.770,00 ; € 34.916.393,50 ; € 3.309.658,00 ;2056; € 789.238,50 ; € 1.750.000,00 
1;0;373;31-1-2057; € 14.034.770,00 ; € 109.151,21 ;€ 66.855;€ 42.296,65;;; € 58.478,21 ; € 14.034.770,00 ; € 34.974.871,71 ; € 3.251.179,79 ;2057;  ;  
2;0;374;28-2-2057; € 14.034.770,00 ; € 109.151,21 ;€ 66.678;€ 42.472,88;;; € 58.478,21 ; € 14.034.770,00 ; € 35.033.349,92 ; € 3.192.701,58 ;2057;  ;  
3;0;375;31-3-2057; € 14.034.770,00 ; € 109.151,21 ;€ 66.501;€ 42.649,85;;; € 58.478,21 ; € 14.034.770,00 ; € 35.091.828,13 ; € 3.134.223,38 ;2057;  ;  
4;0;376;30-4-2057; € 14.034.770,00 ; € 109.151,21 ;€ 66.324;€ 42.827,56;;; € 58.478,21 ; € 14.034.770,00 ; € 35.150.306,33 ; € 3.075.745,17 ;2057;  ;  
5;0;377;31-5-2057; € 14.034.770,00 ; € 109.151,21 ;€ 66.145;€ 43.006,01;;; € 58.478,21 ; € 14.034.770,00 ; € 35.208.784,54 ; € 3.017.266,96 ;2057;  ;  
6;0;378;30-6-2057; € 14.034.770,00 ; € 109.151,21 ;€ 65.966;€ 43.185,20;;; € 58.478,21 ; € 14.034.770,00 ; € 35.267.262,75 ; € 2.958.788,75 ;2057;  ;  
7;0;379;31-7-2057; € 14.034.770,00 ; € 109.151,21 ;€ 65.786;€ 43.365,14;;; € 58.478,21 ; € 14.034.770,00 ; € 35.325.740,96 ; € 2.900.310,54 ;2057;  ;  
8;0;380;31-8-2057; € 14.034.770,00 ; € 109.151,21 ;€ 65.605;€ 43.545,83;;; € 58.478,21 ; € 14.034.770,00 ; € 35.384.219,17 ; € 2.841.832,33 ;2057;  ;  
9;0;381;30-9-2057; € 14.034.770,00 ; € 109.151,21 ;€ 65.424;€ 43.727,27;;; € 58.478,21 ; € 14.034.770,00 ; € 35.442.697,38 ; € 2.783.354,13 ;2057;  ;  
10;0;382;31-10-2057; € 14.034.770,00 ; € 109.151,21 ;€ 65.242;€ 43.909,47;;; € 58.478,21 ; € 14.034.770,00 ; € 35.501.175,58 ; € 2.724.875,92 ;2057;  ;  
11;0;383;30-11-2057; € 14.034.770,00 ; € 109.151,21 ;€ 65.059;€ 44.092,42;;; € 58.478,21 ; € 14.034.770,00 ; € 35.559.653,79 ; € 2.666.397,71 ;2057;  ;  
12;1;384;31-12-2057; € 14.034.770,00 ; € 109.151,21 ;€ 64.875;€ 44.276,14;€ 519.354; € 1.000.000,00 ; € 58.478,21 ; € 13.034.770,00 ; € 35.618.132,00 ; € 2.607.919,50 ;2057; € 701.738,50 ; € 1.000.000,00 
1;0;385;31-1-2058; € 13.034.770,00 ; € 109.151,21 ;€ 64.691;€ 44.460,62;;; € 54.311,54 ; € 13.034.770,00 ; € 35.672.443,54 ; € 2.553.607,96 ;2058;  ;  
2;0;386;28-2-2058; € 13.034.770,00 ; € 109.151,21 ;€ 64.505;€ 44.645,88;;; € 54.311,54 ; € 13.034.770,00 ; € 35.726.755,08 ; € 2.499.296,42 ;2058;  ;  
3;0;387;31-3-2058; € 13.034.770,00 ; € 109.151,21 ;€ 64.319;€ 44.831,90;;; € 54.311,54 ; € 13.034.770,00 ; € 35.781.066,63 ; € 2.444.984,88 ;2058;  ;  
4;0;388;30-4-2058; € 13.034.770,00 ; € 109.151,21 ;€ 64.133;€ 45.018,70;;; € 54.311,54 ; € 13.034.770,00 ; € 35.835.378,17 ; € 2.390.673,33 ;2058;  ;  
5;0;389;31-5-2058; € 13.034.770,00 ; € 109.151,21 ;€ 63.945;€ 45.206,28;;; € 54.311,54 ; € 13.034.770,00 ; € 35.889.689,71 ; € 2.336.361,79 ;2058;  ;  
6;0;390;30-6-2058; € 13.034.770,00 ; € 109.151,21 ;€ 63.757;€ 45.394,64;;; € 54.311,54 ; € 13.034.770,00 ; € 35.944.001,25 ; € 2.282.050,25 ;2058;  ;  
7;0;391;31-7-2058; € 13.034.770,00 ; € 109.151,21 ;€ 63.567;€ 45.583,78;;; € 54.311,54 ; € 13.034.770,00 ; € 35.998.312,79 ; € 2.227.738,71 ;2058;  ;  
8;0;392;31-8-2058; € 13.034.770,00 ; € 109.151,21 ;€ 63.377;€ 45.773,72;;; € 54.311,54 ; € 13.034.770,00 ; € 36.052.624,33 ; € 2.173.427,17 ;2058;  ;  
9;0;393;30-9-2058; € 13.034.770,00 ; € 109.151,21 ;€ 63.187;€ 45.964,44;;; € 54.311,54 ; € 13.034.770,00 ; € 36.106.935,88 ; € 2.119.115,63 ;2058;  ;  
10;0;394;31-10-2058; € 13.034.770,00 ; € 109.151,21 ;€ 62.995;€ 46.155,96;;; € 54.311,54 ; € 13.034.770,00 ; € 36.161.247,42 ; € 2.064.804,08 ;2058;  ;  
11;0;395;30-11-2058; € 13.034.770,00 ; € 109.151,21 ;€ 62.803;€ 46.348,27;;; € 54.311,54 ; € 13.034.770,00 ; € 36.215.558,96 ; € 2.010.492,54 ;2058;  ;  
12;1;396;31-12-2058; € 13.034.770,00 ; € 109.151,21 ;€ 62.610;€ 46.541,39;€ 545.926; € 1.750.000,00 ; € 54.311,54 ; € 11.284.770,00 ; € 36.269.870,50 ; € 1.956.181,00 ;2058; € 651.738,50 ; € 1.750.000,00 
1;0;397;31-1-2059; € 11.284.770,00 ; € 109.151,21 ;€ 62.416;€ 46.735,31;;; € 47.019,88 ; € 11.284.770,00 ; € 36.316.890,38 ; € 1.909.161,13 ;2059;  ;  
2;0;398;28-2-2059; € 11.284.770,00 ; € 109.151,21 ;€ 62.221;€ 46.930,05;;; € 47.019,88 ; € 11.284.770,00 ; € 36.363.910,25 ; € 1.862.141,25 ;2059;  ;  
3;0;399;31-3-2059; € 11.284.770,00 ; € 109.151,21 ;€ 62.026;€ 47.125,59;;; € 47.019,88 ; € 11.284.770,00 ; € 36.410.930,13 ; € 1.815.121,38 ;2059;  ;  
4;0;400;30-4-2059; € 11.284.770,00 ; € 109.151,21 ;€ 61.829;€ 47.321,94;;; € 47.019,88 ; € 11.284.770,00 ; € 36.457.950,00 ; € 1.768.101,50 ;2059;  ;  
5;0;401;31-5-2059; € 11.284.770,00 ; € 109.151,21 ;€ 61.632;€ 47.519,12;;; € 47.019,88 ; € 11.284.770,00 ; € 36.504.969,88 ; € 1.721.081,63 ;2059;  ;  
6;0;402;30-6-2059; € 11.284.770,00 ; € 109.151,21 ;€ 61.434;€ 47.717,11;;; € 47.019,88 ; € 11.284.770,00 ; € 36.551.989,75 ; € 1.674.061,75 ;2059;  ;  
7;0;403;31-7-2059; € 11.284.770,00 ; € 109.151,21 ;€ 61.235;€ 47.915,94;;; € 47.019,88 ; € 11.284.770,00 ; € 36.599.009,63 ; € 1.627.041,88 ;2059;  ;  
8;0;404;31-8-2059; € 11.284.770,00 ; € 109.151,21 ;€ 61.036;€ 48.115,59;;; € 47.019,88 ; € 11.284.770,00 ; € 36.646.029,50 ; € 1.580.022,00 ;2059;  ;  
9;0;405;30-9-2059; € 11.284.770,00 ; € 109.151,21 ;€ 60.835;€ 48.316,07;;; € 47.019,88 ; € 11.284.770,00 ; € 36.693.049,38 ; € 1.533.002,13 ;2059;  ;  
10;0;406;31-10-2059; € 11.284.770,00 ; € 109.151,21 ;€ 60.634;€ 48.517,38;;; € 47.019,88 ; € 11.284.770,00 ; € 36.740.069,25 ; € 1.485.982,25 ;2059;  ;  
11;0;407;30-11-2059; € 11.284.770,00 ; € 109.151,21 ;€ 60.432;€ 48.719,54;;; € 47.019,88 ; € 11.284.770,00 ; € 36.787.089,13 ; € 1.438.962,38 ;2059;  ;  
12;1;408;31-12-2059; € 11.284.770,00 ; € 109.151,21 ;€ 60.229;€ 48.922,54;€ 573.856; € 1.750.000,00 ; € 47.019,88 ; € 9.534.770,00 ; € 36.834.109,00 ; € 1.391.942,50 ;2059; € 564.238,50 ; € 1.750.000,00 
1;0;409;31-1-2060; € 9.534.770,00 ; € 109.151,21 ;€ 60.025;€ 49.126,38;;; € 39.728,21 ; € 9.534.770,00 ; € 36.873.837,21 ; € 1.352.214,29 ;2060;  ;  
2;0;410;29-2-2060; € 9.534.770,00 ; € 109.151,21 ;€ 59.820;€ 49.331,08;;; € 39.728,21 ; € 9.534.770,00 ; € 36.913.565,42 ; € 1.312.486,08 ;2060;  ;  
3;0;411;31-3-2060; € 9.534.770,00 ; € 109.151,21 ;€ 59.615;€ 49.536,62;;; € 39.728,21 ; € 9.534.770,00 ; € 36.953.293,63 ; € 1.272.757,88 ;2060;  ;  
4;0;412;30-4-2060; € 9.534.770,00 ; € 109.151,21 ;€ 59.408;€ 49.743,02;;; € 39.728,21 ; € 9.534.770,00 ; € 36.993.021,83 ; € 1.233.029,67 ;2060;  ;  
5;0;413;31-5-2060; € 9.534.770,00 ; € 109.151,21 ;€ 59.201;€ 49.950,29;;; € 39.728,21 ; € 9.534.770,00 ; € 37.032.750,04 ; € 1.193.301,46 ;2060;  ;  
6;0;414;30-6-2060; € 9.534.770,00 ; € 109.151,21 ;€ 58.993;€ 50.158,41;;; € 39.728,21 ; € 9.534.770,00 ; € 37.072.478,25 ; € 1.153.573,25 ;2060;  ;  
7;0;415;31-7-2060; € 9.534.770,00 ; € 109.151,21 ;€ 58.784;€ 50.367,41;;; € 39.728,21 ; € 9.534.770,00 ; € 37.112.206,46 ; € 1.113.845,04 ;2060;  ;  
8;0;416;31-8-2060; € 9.534.770,00 ; € 109.151,21 ;€ 58.574;€ 50.577,27;;; € 39.728,21 ; € 9.534.770,00 ; € 37.151.934,67 ; € 1.074.116,83 ;2060;  ;  
9;0;417;30-9-2060; € 9.534.770,00 ; € 109.151,21 ;€ 58.363;€ 50.788,01;;; € 39.728,21 ; € 9.534.770,00 ; € 37.191.662,88 ; € 1.034.388,63 ;2060;  ;  
10;0;418;31-10-2060; € 9.534.770,00 ; € 109.151,21 ;€ 58.152;€ 50.999,63;;; € 39.728,21 ; € 9.534.770,00 ; € 37.231.391,08 ; € 994.660,42 ;2060;  ;  
11;0;419;30-11-2060; € 9.534.770,00 ; € 109.151,21 ;€ 57.939;€ 51.212,12;;; € 39.728,21 ; € 9.534.770,00 ; € 37.271.119,29 ; € 954.932,21 ;2060;  ;  
12;1;420;31-12-2060; € 9.534.770,00 ; € 109.151,21 ;€ 57.726;€ 51.425,51;€ 603.216; € 1.750.000,00 ; € 39.728,21 ; € 7.784.770,00 ; € 37.310.847,50 ; € 915.204,00 ;2060; € 476.738,50 ; € 1.750.000,00 
1;0;421;31-1-2061; € 7.784.770,00 ; € 109.151,21 ;€ 57.511;€ 51.639,78;;; € 32.436,54 ; € 7.784.770,00 ; € 37.343.284,04 ; € 882.767,46 ;2061;  ;  
2;0;422;28-2-2061; € 7.784.770,00 ; € 109.151,21 ;€ 57.296;€ 51.854,95;;; € 32.436,54 ; € 7.784.770,00 ; € 37.375.720,58 ; € 850.330,92 ;2061;  ;  
3;0;423;31-3-2061; € 7.784.770,00 ; € 109.151,21 ;€ 57.080;€ 52.071,01;;; € 32.436,54 ; € 7.784.770,00 ; € 37.408.157,13 ; € 817.894,38 ;2061;  ;  
4;0;424;30-4-2061; € 7.784.770,00 ; € 109.151,21 ;€ 56.863;€ 52.287,97;;; € 32.436,54 ; € 7.784.770,00 ; € 37.440.593,67 ; € 785.457,83 ;2061;  ;  
5;0;425;31-5-2061; € 7.784.770,00 ; € 109.151,21 ;€ 56.645;€ 52.505,84;;; € 32.436,54 ; € 7.784.770,00 ; € 37.473.030,21 ; € 753.021,29 ;2061;  ;  
6;0;426;30-6-2061; € 7.784.770,00 ; € 109.151,21 ;€ 56.427;€ 52.724,61;;; € 32.436,54 ; € 7.784.770,00 ; € 37.505.466,75 ; € 720.584,75 ;2061;  ;  
7;0;427;31-7-2061; € 7.784.770,00 ; € 109.151,21 ;€ 56.207;€ 52.944,30;;; € 32.436,54 ; € 7.784.770,00 ; € 37.537.903,29 ; € 688.148,21 ;2061;  ;  
8;0;428;31-8-2061; € 7.784.770,00 ; € 109.151,21 ;€ 55.986;€ 53.164,90;;; € 32.436,54 ; € 7.784.770,00 ; € 37.570.339,83 ; € 655.711,67 ;2061;  ;  
9;0;429;30-9-2061; € 7.784.770,00 ; € 109.151,21 ;€ 55.765;€ 53.386,42;;; € 32.436,54 ; € 7.784.770,00 ; € 37.602.776,38 ; € 623.275,13 ;2061;  ;  
10;0;430;31-10-2061; € 7.784.770,00 ; € 109.151,21 ;€ 55.542;€ 53.608,86;;; € 32.436,54 ; € 7.784.770,00 ; € 37.635.212,92 ; € 590.838,58 ;2061;  ;  
11;0;431;30-11-2061; € 7.784.770,00 ; € 109.151,21 ;€ 55.319;€ 53.832,23;;; € 32.436,54 ; € 7.784.770,00 ; € 37.667.649,46 ; € 558.402,04 ;2061;  ;  
12;1;432;31-12-2061; € 7.784.770,00 ; € 109.151,21 ;€ 55.095;€ 54.056,53;€ 634.077; € 1.750.000,00 ; € 32.436,54 ; € 6.034.770,00 ; € 37.700.086,00 ; € 525.965,50 ;2061; € 389.238,50 ; € 1.750.000,00 
1;0;433;31-1-2062; € 6.034.770,00 ; € 109.151,21 ;€ 54.869;€ 54.281,77;;; € 25.144,88 ; € 6.034.770,00 ; € 37.725.230,88 ; € 500.820,63 ;2062;  ;  
2;0;434;28-2-2062; € 6.034.770,00 ; € 109.151,21 ;€ 54.643;€ 54.507,94;;; € 25.144,88 ; € 6.034.770,00 ; € 37.750.375,75 ; € 475.675,75 ;2062;  ;  
3;0;435;31-3-2062; € 6.034.770,00 ; € 109.151,21 ;€ 54.416;€ 54.735,06;;; € 25.144,88 ; € 6.034.770,00 ; € 37.775.520,63 ; € 450.530,88 ;2062;  ;  
4;0;436;30-4-2062; € 6.034.770,00 ; € 109.151,21 ;€ 54.188;€ 54.963,12;;; € 25.144,88 ; € 6.034.770,00 ; € 37.800.665,50 ; € 425.386,00 ;2062;  ;  
5;0;437;31-5-2062; € 6.034.770,00 ; € 109.151,21 ;€ 53.959;€ 55.192,14;;; € 25.144,88 ; € 6.034.770,00 ; € 37.825.810,38 ; € 400.241,13 ;2062;  ;  
6;0;438;30-6-2062; € 6.034.770,00 ; € 109.151,21 ;€ 53.729;€ 55.422,10;;; € 25.144,88 ; € 6.034.770,00 ; € 37.850.955,25 ; € 375.096,25 ;2062;  ;  
7;0;439;31-7-2062; € 6.034.770,00 ; € 109.151,21 ;€ 53.498;€ 55.653,03;;; € 25.144,88 ; € 6.034.770,00 ; € 37.876.100,13 ; € 349.951,38 ;2062;  ;  
8;0;440;31-8-2062; € 6.034.770,00 ; € 109.151,21 ;€ 53.266;€ 55.884,92;;; € 25.144,88 ; € 6.034.770,00 ; € 37.901.245,00 ; € 324.806,50 ;2062;  ;  
9;0;441;30-9-2062; € 6.034.770,00 ; € 109.151,21 ;€ 53.033;€ 56.117,77;;; € 25.144,88 ; € 6.034.770,00 ; € 37.926.389,88 ; € 299.661,63 ;2062;  ;  
10;0;442;31-10-2062; € 6.034.770,00 ; € 109.151,21 ;€ 52.800;€ 56.351,59;;; € 25.144,88 ; € 6.034.770,00 ; € 37.951.534,75 ; € 274.516,75 ;2062;  ;  
11;0;443;30-11-2062; € 6.034.770,00 ; € 109.151,21 ;€ 52.565;€ 56.586,39;;; € 25.144,88 ; € 6.034.770,00 ; € 37.976.679,63 ; € 249.371,88 ;2062;  ;  
12;1;444;31-12-2062; € 6.034.770,00 ; € 109.151,21 ;€ 52.329;€ 56.822,17;€ 666.518; € 2.500.000,00 ; € 25.144,88 ; € 3.534.770,00 ; € 38.001.824,50 ; € 224.227,00 ;2062; € 301.738,50 ; € 2.500.000,00 
1;0;445;31-1-2063; € 3.534.770,00 ; € 109.151,21 ;€ 52.092;€ 57.058,93;;; € 14.728,21 ; € 3.534.770,00 ; € 38.016.552,71 ; € 209.498,79 ;2063;  ;  
2;0;446;28-2-2063; € 3.534.770,00 ; € 109.151,21 ;€ 51.855;€ 57.296,67;;; € 14.728,21 ; € 3.534.770,00 ; € 38.031.280,92 ; € 194.770,58 ;2063;  ;  
3;0;447;31-3-2063; € 3.534.770,00 ; € 109.151,21 ;€ 51.616;€ 57.535,41;;; € 14.728,21 ; € 3.534.770,00 ; € 38.046.009,13 ; € 180.042,38 ;2063;  ;  
4;0;448;30-4-2063; € 3.534.770,00 ; € 109.151,21 ;€ 51.376;€ 57.775,14;;; € 14.728,21 ; € 3.534.770,00 ; € 38.060.737,33 ; € 165.314,17 ;2063;  ;  
5;0;449;31-5-2063; € 3.534.770,00 ; € 109.151,21 ;€ 51.135;€ 58.015,87;;; € 14.728,21 ; € 3.534.770,00 ; € 38.075.465,54 ; € 150.585,96 ;2063;  ;  
6;0;450;30-6-2063; € 3.534.770,00 ; € 109.151,21 ;€ 50.894;€ 58.257,60;;; € 14.728,21 ; € 3.534.770,00 ; € 38.090.193,75 ; € 135.857,75 ;2063;  ;  
7;0;451;31-7-2063; € 3.534.770,00 ; € 109.151,21 ;€ 50.651;€ 58.500,34;;; € 14.728,21 ; € 3.534.770,00 ; € 38.104.921,96 ; € 121.129,54 ;2063;  ;  
8;0;452;31-8-2063; € 3.534.770,00 ; € 109.151,21 ;€ 50.407;€ 58.744,10;;; € 14.728,21 ; € 3.534.770,00 ; € 38.119.650,17 ; € 106.401,33 ;2063;  ;  
9;0;453;30-9-2063; € 3.534.770,00 ; € 109.151,21 ;€ 50.162;€ 58.988,86;;; € 14.728,21 ; € 3.534.770,00 ; € 38.134.378,38 ; € 91.673,13 ;2063;  ;  
10;0;454;31-10-2063; € 3.534.770,00 ; € 109.151,21 ;€ 49.917;€ 59.234,65;;; € 14.728,21 ; € 3.534.770,00 ; € 38.149.106,58 ; € 76.944,92 ;2063;  ;  
11;0;455;30-11-2063; € 3.534.770,00 ; € 109.151,21 ;€ 49.670;€ 59.481,46;;; € 14.728,21 ; € 3.534.770,00 ; € 38.163.834,79 ; € 62.216,71 ;2063;  ;  
12;1;456;31-12-2063; € 3.534.770,00 ; € 109.151,21 ;€ 49.422;€ 59.729,30;€ 700.618; € 2.500.000,00 ; € 14.728,21 ; € 1.034.770,00 ; € 38.178.563,00 ; € 47.488,50 ;2063; € 176.738,50 ; € 2.500.000,00 
1;0;457;31-1-2064; € 1.034.770,00 ; € 109.151,21 ;€ 49.173;€ 59.978,17;;; € 4.311,54 ; € 1.034.770,00 ; € 38.182.874,54 ; € 43.176,96 ;2064;  ;  
2;0;458;29-2-2064; € 1.034.770,00 ; € 109.151,21 ;€ 48.923;€ 60.228,08;;; € 4.311,54 ; € 1.034.770,00 ; € 38.187.186,08 ; € 38.865,42 ;2064;  ;  
3;0;459;31-3-2064; € 1.034.770,00 ; € 109.151,21 ;€ 48.672;€ 60.479,03;;; € 4.311,54 ; € 1.034.770,00 ; € 38.191.497,63 ; € 34.553,88 ;2064;  ;  
4;0;460;30-4-2064; € 1.034.770,00 ; € 109.151,21 ;€ 48.420;€ 60.731,03;;; € 4.311,54 ; € 1.034.770,00 ; € 38.195.809,17 ; € 30.242,33 ;2064;  ;  
5;0;461;31-5-2064; € 1.034.770,00 ; € 109.151,21 ;€ 48.167;€ 60.984,07;;; € 4.311,54 ; € 1.034.770,00 ; € 38.200.120,71 ; € 25.930,79 ;2064;  ;  
6;0;462;30-6-2064; € 1.034.770,00 ; € 109.151,21 ;€ 47.913;€ 61.238,17;;; € 4.311,54 ; € 1.034.770,00 ; € 38.204.432,25 ; € 21.619,25 ;2064;  ;  
7;0;463;31-7-2064; € 1.034.770,00 ; € 109.151,21 ;€ 47.658;€ 61.493,33;;; € 4.311,54 ; € 1.034.770,00 ; € 38.208.743,79 ; € 17.307,71 ;2064;  ;  
8;0;464;31-8-2064; € 1.034.770,00 ; € 109.151,21 ;€ 47.402;€ 61.749,55;;; € 4.311,54 ; € 1.034.770,00 ; € 38.213.055,33 ; € 12.996,17 ;2064;  ;  
9;0;465;30-9-2064; € 1.034.770,00 ; € 109.151,21 ;€ 47.144;€ 62.006,84;;; € 4.311,54 ; € 1.034.770,00 ; € 38.217.366,88 ; € 8.684,63 ;2064;  ;  
10;0;466;31-10-2064; € 1.034.770,00 ; € 109.151,21 ;€ 46.886;€ 62.265,21;;; € 4.311,54 ; € 1.034.770,00 ; € 38.221.678,42 ; € 4.373,08 ;2064;  ;  
11;0;467;30-11-2064; € 1.034.770,00 ; € 109.151,21 ;€ 46.627;€ 62.524,64;;; € 4.311,54 ; € 1.034.770,00 ; € 38.225.989,96 ; € 61,54 ;2064;  ;  
12;1;468;31-12-2064; € 1.034.770,00 ; € 109.151,21 ;€ 46.366;€ 62.785,16;€ 736.463; € 2.054.770,00 ; € 4.311,54 ; € -1.020.000,00 ; € 38.230.301,50 ; € -4.250,00 ;2064; € 51.738,50 ; € 2.054.770,00 
1;0;469;31-1-2065; € -1.020.000,00 ; € 109.151,21 ;€ 46.104;€ 63.046,77;;; € -4.250,00 ; € -   ; € 38.226.051,50 ; € -   ;2065;  ;  
2;0;470;28-2-2065; € -   ; € 109.151,21 ;€ 45.842;€ 63.309,46;;; € -   ; € -   ; € 38.226.051,50 ; € -   ;2065;  ;  
3;0;471;31-3-2065; € -   ; € 109.151,21 ;€ 45.578;€ 63.573,25;;; € -   ; € -   ; € 38.226.051,50 ; € -   ;2065;  ;  
4;0;472;30-4-2065; € -   ; € 109.151,21 ;€ 45.313;€ 63.838,14;;; € -   ; € -   ; € 38.226.051,50 ; € -   ;2065;  ;  
5;0;473;31-5-2065; € -   ; € 109.151,21 ;€ 45.047;€ 64.104,13;;; € -   ; € -   ; € 38.226.051,50 ; € -   ;2065;  ;  
6;0;474;30-6-2065; € -   ; € 109.151,21 ;€ 44.780;€ 64.371,23;;; € -   ; € -   ; € 38.226.051,50 ; € -   ;2065;  ;  
7;0;475;31-7-2065; € -   ; € 109.151,21 ;€ 44.512;€ 64.639,45;;; € -   ; € -   ; € 38.226.051,50 ; € -   ;2065;  ;  
8;0;476;31-8-2065; € -   ; € 109.151,21 ;€ 44.242;€ 64.908,78;;; € -   ; € -   ; € 38.226.051,50 ; € -   ;2065;  ;  
9;0;477;30-9-2065; € -   ; € 109.151,21 ;€ 43.972;€ 65.179,23;;; € -   ; € -   ; € 38.226.051,50 ; € -   ;2065;  ;  
10;0;478;31-10-2065; € -   ; € 109.151,21 ;€ 43.700;€ 65.450,81;;; € -   ; € -   ; € 38.226.051,50 ; € -   ;2065;  ;  
11;0;479;30-11-2065; € -   ; € 109.151,21 ;€ 43.428;€ 65.723,52;;; € -   ; € -   ; € 38.226.051,50 ; € -   ;2065;  ;  
12;1;480;31-12-2065; € -   ; € 109.151,21 ;€ 43.154;€ 65.997,37;€ 774.142; € -   ; € -   ; € -   ; € 38.226.051,50 ; € -   ;2065; € -4.250,00 ; € -   
1;0;481;31-1-2066; € -   ; € 109.151,21 ;€ 42.879;€ 66.272,36;;; € -   ; € -   ; € 38.226.051,50 ; € -   ;2066;  ;  
2;0;482;28-2-2066; € -   ; € 109.151,21 ;€ 42.603;€ 66.548,50;;; € -   ; € -   ; € 38.226.051,50 ; € -   ;2066;  ;  
3;0;483;31-3-2066; € -   ; € 109.151,21 ;€ 42.325;€ 66.825,78;;; € -   ; € -   ; € 38.226.051,50 ; € -   ;2066;  ;  
4;0;484;30-4-2066; € -   ; € 109.151,21 ;€ 42.047;€ 67.104,22;;; € -   ; € -   ; € 38.226.051,50 ; € -   ;2066;  ;  
5;0;485;31-5-2066; € -   ; € 109.151,21 ;€ 41.767;€ 67.383,82;;; € -   ; € -   ; € 38.226.051,50 ; € -   ;2066;  ;  
6;0;486;30-6-2066; € -   ; € 109.151,21 ;€ 41.487;€ 67.664,59;;; € -   ; € -   ; € 38.226.051,50 ; € -   ;2066;  ;  
7;0;487;31-7-2066; € -   ; € 109.151,21 ;€ 41.205;€ 67.946,53;;; € -   ; € -   ; € 38.226.051,50 ; € -   ;2066;  ;  
8;0;488;31-8-2066; € -   ; € 109.151,21 ;€ 40.922;€ 68.229,64;;; € -   ; € -   ; € 38.226.051,50 ; € -   ;2066;  ;  
9;0;489;30-9-2066; € -   ; € 109.151,21 ;€ 40.637;€ 68.513,93;;; € -   ; € -   ; € 38.226.051,50 ; € -   ;2066;  ;  
10;0;490;31-10-2066; € -   ; € 109.151,21 ;€ 40.352;€ 68.799,40;;; € -   ; € -   ; € 38.226.051,50 ; € -   ;2066;  ;  
11;0;491;30-11-2066; € -   ; € 109.151,21 ;€ 40.065;€ 69.086,06;;; € -   ; € -   ; € 38.226.051,50 ; € -   ;2066;  ;  
12;1;492;31-12-2066; € -   ; € 109.151,21 ;€ 39.777;€ 69.373,92;€ 813.749; € -   ; € -   ; € -   ; € 38.226.051,50 ; € -   ;2066; € -   ; € -   
1;0;493;31-1-2067; € -   ; € 109.151,21 ;€ 39.488;€ 69.662,98;;; € -   ; € -   ; € 38.226.051,50 ; € -   ;2067;  ;  
2;0;494;28-2-2067; € -   ; € 109.151,21 ;€ 39.198;€ 69.953,24;;; € -   ; € -   ; € 38.226.051,50 ; € -   ;2067;  ;  
3;0;495;31-3-2067; € -   ; € 109.151,21 ;€ 38.906;€ 70.244,72;;; € -   ; € -   ; € 38.226.051,50 ; € -   ;2067;  ;  
4;0;496;30-4-2067; € -   ; € 109.151,21 ;€ 38.614;€ 70.537,40;;; € -   ; € -   ; € 38.226.051,50 ; € -   ;2067;  ;  
5;0;497;31-5-2067; € -   ; € 109.151,21 ;€ 38.320;€ 70.831,31;;; € -   ; € -   ; € 38.226.051,50 ; € -   ;2067;  ;  
6;0;498;30-6-2067; € -   ; € 109.151,21 ;€ 38.025;€ 71.126,44;;; € -   ; € -   ; € 38.226.051,50 ; € -   ;2067;  ;  
7;0;499;31-7-2067; € -   ; € 109.151,21 ;€ 37.728;€ 71.422,80;;; € -   ; € -   ; € 38.226.051,50 ; € -   ;2067;  ;  
8;0;500;31-8-2067; € -   ; € 109.151,21 ;€ 37.431;€ 71.720,39;;; € -   ; € -   ; € 38.226.051,50 ; € -   ;2067;  ;  
9;0;501;30-9-2067; € -   ; € 109.151,21 ;€ 37.132;€ 72.019,23;;; € -   ; € -   ; € 38.226.051,50 ; € -   ;2067;  ;  
10;0;502;31-10-2067; € -   ; € 109.151,21 ;€ 36.832;€ 72.319,31;;; € -   ; € -   ; € 38.226.051,50 ; € -   ;2067;  ;  
11;0;503;30-11-2067; € -   ; € 109.151,21 ;€ 36.531;€ 72.620,64;;; € -   ; € -   ; € 38.226.051,50 ; € -   ;2067;  ;  
12;1;504;31-12-2067; € -   ; € 109.151,21 ;€ 36.228;€ 72.923,22;€ 855.382; € -   ; € -   ; € -   ; € 38.226.051,50 ; € -   ;2067; € -   ; € -   
1;0;505;31-1-2068; € -   ; € 109.151,21 ;€ 35.924;€ 73.227,07;;; € -   ; € -   ; € 38.226.051,50 ; € -   ;2068;  ;  
2;0;506;29-2-2068; € -   ; € 109.151,21 ;€ 35.619;€ 73.532,18;;; € -   ; € -   ; € 38.226.051,50 ; € -   ;2068;  ;  
3;0;507;31-3-2068; € -   ; € 109.151,21 ;€ 35.313;€ 73.838,57;;; € -   ; € -   ; € 38.226.051,50 ; € -   ;2068;  ;  
4;0;508;30-4-2068; € -   ; € 109.151,21 ;€ 35.005;€ 74.146,23;;; € -   ; € -   ; € 38.226.051,50 ; € -   ;2068;  ;  
5;0;509;31-5-2068; € -   ; € 109.151,21 ;€ 34.696;€ 74.455,17;;; € -   ; € -   ; € 38.226.051,50 ; € -   ;2068;  ;  
6;0;510;30-6-2068; € -   ; € 109.151,21 ;€ 34.386;€ 74.765,40;;; € -   ; € -   ; € 38.226.051,50 ; € -   ;2068;  ;  
7;0;511;31-7-2068; € -   ; € 109.151,21 ;€ 34.074;€ 75.076,92;;; € -   ; € -   ; € 38.226.051,50 ; € -   ;2068;  ;  
8;0;512;31-8-2068; € -   ; € 109.151,21 ;€ 33.761;€ 75.389,74;;; € -   ; € -   ; € 38.226.051,50 ; € -   ;2068;  ;  
9;0;513;30-9-2068; € -   ; € 109.151,21 ;€ 33.447;€ 75.703,87;;; € -   ; € -   ; € 38.226.051,50 ; € -   ;2068;  ;  
10;0;514;31-10-2068; € -   ; € 109.151,21 ;€ 33.132;€ 76.019,30;;; € -   ; € -   ; € 38.226.051,50 ; € -   ;2068;  ;  
11;0;515;30-11-2068; € -   ; € 109.151,21 ;€ 32.815;€ 76.336,05;;; € -   ; € -   ; € 38.226.051,50 ; € -   ;2068;  ;  
12;1;516;31-12-2068; € -   ; € 109.151,21 ;€ 32.497;€ 76.654,12;€ 899.145; € -   ; € -   ; € -   ; € 38.226.051,50 ; € -   ;2068; € -   ; € -   
1;0;517;31-1-2069; € -   ; € 109.151,21 ;€ 32.178;€ 76.973,51;;; € -   ; € -   ; € 38.226.051,50 ; € -   ;2069;  ;  
2;0;518;28-2-2069; € -   ; € 109.151,21 ;€ 31.857;€ 77.294,23;;; € -   ; € -   ; € 38.226.051,50 ; € -   ;2069;  ;  
3;0;519;31-3-2069; € -   ; € 109.151,21 ;€ 31.535;€ 77.616,29;;; € -   ; € -   ; € 38.226.051,50 ; € -   ;2069;  ;  
4;0;520;30-4-2069; € -   ; € 109.151,21 ;€ 31.212;€ 77.939,69;;; € -   ; € -   ; € 38.226.051,50 ; € -   ;2069;  ;  
5;0;521;31-5-2069; € -   ; € 109.151,21 ;€ 30.887;€ 78.264,44;;; € -   ; € -   ; € 38.226.051,50 ; € -   ;2069;  ;  
6;0;522;30-6-2069; € -   ; € 109.151,21 ;€ 30.561;€ 78.590,54;;; € -   ; € -   ; € 38.226.051,50 ; € -   ;2069;  ;  
7;0;523;31-7-2069; € -   ; € 109.151,21 ;€ 30.233;€ 78.918,00;;; € -   ; € -   ; € 38.226.051,50 ; € -   ;2069;  ;  
8;0;524;31-8-2069; € -   ; € 109.151,21 ;€ 29.904;€ 79.246,83;;; € -   ; € -   ; € 38.226.051,50 ; € -   ;2069;  ;  
9;0;525;30-9-2069; € -   ; € 109.151,21 ;€ 29.574;€ 79.577,02;;; € -   ; € -   ; € 38.226.051,50 ; € -   ;2069;  ;  
10;0;526;31-10-2069; € -   ; € 109.151,21 ;€ 29.243;€ 79.908,59;;; € -   ; € -   ; € 38.226.051,50 ; € -   ;2069;  ;  
11;0;527;30-11-2069; € -   ; € 109.151,21 ;€ 28.910;€ 80.241,55;;; € -   ; € -   ; € 38.226.051,50 ; € -   ;2069;  ;  
12;1;528;31-12-2069; € -   ; € 109.151,21 ;€ 28.575;€ 80.575,89;€ 945.147; € -   ; € -   ; € -   ; € 38.226.051,50 ; € -   ;2069; € -   ; € -   
1;0;529;31-1-2070; € -   ; € 109.151,21 ;€ 28.240;€ 80.911,62;;; € -   ; € -   ; € 38.226.051,50 ; € -   ;2070;  ;  
2;0;530;28-2-2070; € -   ; € 109.151,21 ;€ 27.902;€ 81.248,75;;; € -   ; € -   ; € 38.226.051,50 ; € -   ;2070;  ;  
3;0;531;31-3-2070; € -   ; € 109.151,21 ;€ 27.564;€ 81.587,29;;; € -   ; € -   ; € 38.226.051,50 ; € -   ;2070;  ;  
4;0;532;30-4-2070; € -   ; € 109.151,21 ;€ 27.224;€ 81.927,23;;; € -   ; € -   ; € 38.226.051,50 ; € -   ;2070;  ;  
5;0;533;31-5-2070; € -   ; € 109.151,21 ;€ 26.883;€ 82.268,60;;; € -   ; € -   ; € 38.226.051,50 ; € -   ;2070;  ;  
6;0;534;30-6-2070; € -   ; € 109.151,21 ;€ 26.540;€ 82.611,38;;; € -   ; € -   ; € 38.226.051,50 ; € -   ;2070;  ;  
7;0;535;31-7-2070; € -   ; € 109.151,21 ;€ 26.196;€ 82.955,60;;; € -   ; € -   ; € 38.226.051,50 ; € -   ;2070;  ;  
8;0;536;31-8-2070; € -   ; € 109.151,21 ;€ 25.850;€ 83.301,25;;; € -   ; € -   ; € 38.226.051,50 ; € -   ;2070;  ;  
9;0;537;30-9-2070; € -   ; € 109.151,21 ;€ 25.503;€ 83.648,33;;; € -   ; € -   ; € 38.226.051,50 ; € -   ;2070;  ;  
10;0;538;31-10-2070; € -   ; € 109.151,21 ;€ 25.154;€ 83.996,87;;; € -   ; € -   ; € 38.226.051,50 ; € -   ;2070;  ;  
11;0;539;30-11-2070; € -   ; € 109.151,21 ;€ 24.804;€ 84.346,86;;; € -   ; € -   ; € 38.226.051,50 ; € -   ;2070;  ;  
12;1;540;31-12-2070; € -   ; € 109.151,21 ;€ 24.453;€ 84.698,30;€ 993.502; € -   ; € -   ; € -   ; € 38.226.051,50 ; € -   ;2070; € -   ; € -   
1;0;541;31-1-2071; € -   ; € 109.151,21 ;€ 24.100;€ 85.051,21;;; € -   ; € -   ; € 38.226.051,50 ; € -   ;2071;  ;  
2;0;542;28-2-2071; € -   ; € 109.151,21 ;€ 23.746;€ 85.405,59;;; € -   ; € -   ; € 38.226.051,50 ; € -   ;2071;  ;  
3;0;543;31-3-2071; € -   ; € 109.151,21 ;€ 23.390;€ 85.761,45;;; € -   ; € -   ; € 38.226.051,50 ; € -   ;2071;  ;  
4;0;544;30-4-2071; € -   ; € 109.151,21 ;€ 23.032;€ 86.118,79;;; € -   ; € -   ; € 38.226.051,50 ; € -   ;2071;  ;  
5;0;545;31-5-2071; € -   ; € 109.151,21 ;€ 22.674;€ 86.477,61;;; € -   ; € -   ; € 38.226.051,50 ; € -   ;2071;  ;  
6;0;546;30-6-2071; € -   ; € 109.151,21 ;€ 22.313;€ 86.837,94;;; € -   ; € -   ; € 38.226.051,50 ; € -   ;2071;  ;  
7;0;547;31-7-2071; € -   ; € 109.151,21 ;€ 21.951;€ 87.199,76;;; € -   ; € -   ; € 38.226.051,50 ; € -   ;2071;  ;  
8;0;548;31-8-2071; € -   ; € 109.151,21 ;€ 21.588;€ 87.563,09;;; € -   ; € -   ; € 38.226.051,50 ; € -   ;2071;  ;  
9;0;549;30-9-2071; € -   ; € 109.151,21 ;€ 21.223;€ 87.927,94;;; € -   ; € -   ; € 38.226.051,50 ; € -   ;2071;  ;  
10;0;550;31-10-2071; € -   ; € 109.151,21 ;€ 20.857;€ 88.294,31;;; € -   ; € -   ; € 38.226.051,50 ; € -   ;2071;  ;  
11;0;551;30-11-2071; € -   ; € 109.151,21 ;€ 20.489;€ 88.662,20;;; € -   ; € -   ; € 38.226.051,50 ; € -   ;2071;  ;  
12;1;552;31-12-2071; € -   ; € 109.151,21 ;€ 20.120;€ 89.031,63;€ 1.044.332; € -   ; € -   ; € -   ; € 38.226.051,50 ; € -   ;2071; € -   ; € -   
1;0;553;31-1-2072; € -   ; € 109.151,21 ;€ 19.749;€ 89.402,59;;; € -   ; € -   ; € 38.226.051,50 ; € -   ;2072;  ;  
2;0;554;29-2-2072; € -   ; € 109.151,21 ;€ 19.376;€ 89.775,10;;; € -   ; € -   ; € 38.226.051,50 ; € -   ;2072;  ;  
3;0;555;31-3-2072; € -   ; € 109.151,21 ;€ 19.002;€ 90.149,17;;; € -   ; € -   ; € 38.226.051,50 ; € -   ;2072;  ;  
4;0;556;30-4-2072; € -   ; € 109.151,21 ;€ 18.626;€ 90.524,79;;; € -   ; € -   ; € 38.226.051,50 ; € -   ;2072;  ;  
5;0;557;31-5-2072; € -   ; € 109.151,21 ;€ 18.249;€ 90.901,97;;; € -   ; € -   ; € 38.226.051,50 ; € -   ;2072;  ;  
6;0;558;30-6-2072; € -   ; € 109.151,21 ;€ 17.870;€ 91.280,73;;; € -   ; € -   ; € 38.226.051,50 ; € -   ;2072;  ;  
7;0;559;31-7-2072; € -   ; € 109.151,21 ;€ 17.490;€ 91.661,07;;; € -   ; € -   ; € 38.226.051,50 ; € -   ;2072;  ;  
8;0;560;31-8-2072; € -   ; € 109.151,21 ;€ 17.108;€ 92.042,99;;; € -   ; € -   ; € 38.226.051,50 ; € -   ;2072;  ;  
9;0;561;30-9-2072; € -   ; € 109.151,21 ;€ 16.725;€ 92.426,50;;; € -   ; € -   ; € 38.226.051,50 ; € -   ;2072;  ;  
10;0;562;31-10-2072; € -   ; € 109.151,21 ;€ 16.340;€ 92.811,61;;; € -   ; € -   ; € 38.226.051,50 ; € -   ;2072;  ;  
11;0;563;30-11-2072; € -   ; € 109.151,21 ;€ 15.953;€ 93.198,33;;; € -   ; € -   ; € 38.226.051,50 ; € -   ;2072;  ;  
12;1;564;31-12-2072; € -   ; € 109.151,21 ;€ 15.565;€ 93.586,65;€ 1.097.762; € -   ; € -   ; € -   ; € 38.226.051,50 ; € -   ;2072; € -   ; € -   
1;0;565;31-1-2073; € -   ; € 109.151,21 ;€ 15.175;€ 93.976,60;;; € -   ; € -   ; € 38.226.051,50 ; € -   ;2073;  ;  
2;0;566;28-2-2073; € -   ; € 109.151,21 ;€ 14.783;€ 94.368,17;;; € -   ; € -   ; € 38.226.051,50 ; € -   ;2073;  ;  
3;0;567;31-3-2073; € -   ; € 109.151,21 ;€ 14.390;€ 94.761,37;;; € -   ; € -   ; € 38.226.051,50 ; € -   ;2073;  ;  
4;0;568;30-4-2073; € -   ; € 109.151,21 ;€ 13.995;€ 95.156,21;;; € -   ; € -   ; € 38.226.051,50 ; € -   ;2073;  ;  
5;0;569;31-5-2073; € -   ; € 109.151,21 ;€ 13.599;€ 95.552,69;;; € -   ; € -   ; € 38.226.051,50 ; € -   ;2073;  ;  
6;0;570;30-6-2073; € -   ; € 109.151,21 ;€ 13.200;€ 95.950,83;;; € -   ; € -   ; € 38.226.051,50 ; € -   ;2073;  ;  
7;0;571;31-7-2073; € -   ; € 109.151,21 ;€ 12.801;€ 96.350,62;;; € -   ; € -   ; € 38.226.051,50 ; € -   ;2073;  ;  
8;0;572;31-8-2073; € -   ; € 109.151,21 ;€ 12.399;€ 96.752,08;;; € -   ; € -   ; € 38.226.051,50 ; € -   ;2073;  ;  
9;0;573;30-9-2073; € -   ; € 109.151,21 ;€ 11.996;€ 97.155,22;;; € -   ; € -   ; € 38.226.051,50 ; € -   ;2073;  ;  
10;0;574;31-10-2073; € -   ; € 109.151,21 ;€ 11.591;€ 97.560,03;;; € -   ; € -   ; € 38.226.051,50 ; € -   ;2073;  ;  
11;0;575;30-11-2073; € -   ; € 109.151,21 ;€ 11.185;€ 97.966,53;;; € -   ; € -   ; € 38.226.051,50 ; € -   ;2073;  ;  
12;1;576;31-12-2073; € -   ; € 109.151,21 ;€ 10.776;€ 98.374,72;€ 1.153.925; € -   ; € -   ; € -   ; € 38.226.051,50 ; € -   ;2073; € -   ; € -   
1;0;577;31-1-2074; € -   ; € 109.151,21 ;€ 10.367;€ 98.784,62;;; € -   ; € -   ; € 38.226.051,50 ; € -   ;2074;  ;  
2;0;578;28-2-2074; € -   ; € 109.151,21 ;€ 9.955;€ 99.196,22;;; € -   ; € -   ; € 38.226.051,50 ; € -   ;2074;  ;  
3;0;579;31-3-2074; € -   ; € 109.151,21 ;€ 9.542;€ 99.609,54;;; € -   ; € -   ; € 38.226.051,50 ; € -   ;2074;  ;  
4;0;580;30-4-2074; € -   ; € 109.151,21 ;€ 9.127;€ 100.024,58;;; € -   ; € -   ; € 38.226.051,50 ; € -   ;2074;  ;  
5;0;581;31-5-2074; € -   ; € 109.151,21 ;€ 8.710;€ 100.441,35;;; € -   ; € -   ; € 38.226.051,50 ; € -   ;2074;  ;  
6;0;582;30-6-2074; € -   ; € 109.151,21 ;€ 8.291;€ 100.859,85;;; € -   ; € -   ; € 38.226.051,50 ; € -   ;2074;  ;  
7;0;583;31-7-2074; € -   ; € 109.151,21 ;€ 7.871;€ 101.280,10;;; € -   ; € -   ; € 38.226.051,50 ; € -   ;2074;  ;  
8;0;584;31-8-2074; € -   ; € 109.151,21 ;€ 7.449;€ 101.702,10;;; € -   ; € -   ; € 38.226.051,50 ; € -   ;2074;  ;  
9;0;585;30-9-2074; € -   ; € 109.151,21 ;€ 7.025;€ 102.125,86;;; € -   ; € -   ; € 38.226.051,50 ; € -   ;2074;  ;  
10;0;586;31-10-2074; € -   ; € 109.151,21 ;€ 6.600;€ 102.551,39;;; € -   ; € -   ; € 38.226.051,50 ; € -   ;2074;  ;  
11;0;587;30-11-2074; € -   ; € 109.151,21 ;€ 6.173;€ 102.978,68;;; € -   ; € -   ; € 38.226.051,50 ; € -   ;2074;  ;  
12;1;588;31-12-2074; € -   ; € 109.151,21 ;€ 5.743;€ 103.407,76;€ 1.212.962; € -   ; € -   ; € -   ; € 38.226.051,50 ; € -   ;2074; € -   ; € -   
1;0;589;31-1-2075; € -   ; € 109.151,21 ;€ 5.313;€ 103.838,63;;; € -   ; € -   ; € 38.226.051,50 ; € -   ;2075;  ;  
2;0;590;28-2-2075; € -   ; € 109.151,21 ;€ 4.880;€ 104.271,29;;; € -   ; € -   ; € 38.226.051,50 ; € -   ;2075;  ;  
3;0;591;31-3-2075; € -   ; € 109.151,21 ;€ 4.445;€ 104.705,75;;; € -   ; € -   ; € 38.226.051,50 ; € -   ;2075;  ;  
4;0;592;30-4-2075; € -   ; € 109.151,21 ;€ 4.009;€ 105.142,03;;; € -   ; € -   ; € 38.226.051,50 ; € -   ;2075;  ;  
5;0;593;31-5-2075; € -   ; € 109.151,21 ;€ 3.571;€ 105.580,12;;; € -   ; € -   ; € 38.226.051,50 ; € -   ;2075;  ;  
6;0;594;30-6-2075; € -   ; € 109.151,21 ;€ 3.131;€ 106.020,03;;; € -   ; € -   ; € 38.226.051,50 ; € -   ;2075;  ;  
7;0;595;31-7-2075; € -   ; € 109.151,21 ;€ 2.689;€ 106.461,79;;; € -   ; € -   ; € 38.226.051,50 ; € -   ;2075;  ;  
8;0;596;31-8-2075; € -   ; € 109.151,21 ;€ 2.246;€ 106.905,38;;; € -   ; € -   ; € 38.226.051,50 ; € -   ;2075;  ;  
9;0;597;30-9-2075; € -   ; € 109.151,21 ;€ 1.800;€ 107.350,81;;; € -   ; € -   ; € 38.226.051,50 ; € -   ;2075;  ;  
10;0;598;31-10-2075; € -   ; € 109.151,21 ;€ 1.353;€ 107.798,11;;; € -   ; € -   ; € 38.226.051,50 ; € -   ;2075;  ;  
11;0;599;30-11-2075; € -   ; € 109.151,21 ;€ 904;€ 108.247,27;;; € -   ; € -   ; € 38.226.051,50 ; € -   ;2075;  ;  
12;1;600;31-12-2075; € -   ; € 109.151,21 ;€ 453;€ 108.698,30;€ 1.275.020; € -   ; € -   ; € -   ; € 38.226.051,50 ; € -   ;2075; € -   ; € -   
1;0;;;;;;; € 24.034.770 ; € 25.054.770 ;;;;;; € 38.226.052 ; € 25.054.770 
